pp@cat_encoder,pp@decomposition,pp@featureselector,pp@scaler,pp@feature_map_size,pp@featuregen,pp@kernel_mapper_kernel,pp@projection_features,pp@selectp_percentile,pp@std_with_std,pp@kernel_mapper_coef0,pp@kernel_mapper_degree,pp@kernel_mapper_gamma,pp@poly_degree,C,class_weight,dual,fit_intercept,intercept_scaling,loss,max_iter,multi_class,penalty,tol
ordinal,none,none,none,,none,,,,,,,,,1.0,none,True,True,1.0,squared_hinge,1000,ovr,l2,0.001
none,agglomerator,none,minmax,,none,,0.8228050431731,,,,,,,1.0,none,True,True,1.0,squared_hinge,1000,ovr,l2,0.001
none,ka_rbf,none,minmax,119,none,,,,,,,108832.76863175795,,1.0,none,True,True,1.0,squared_hinge,1000,ovr,l2,0.001
ordinal,pca,selectp,minmax,,none,,,7,,,,,,1.0,none,True,True,1.0,squared_hinge,1000,ovr,l2,0.001
onehot,kernel_pca,selectp,minmax,,none,sigmoid,0.7511199457713,14,,78.0369999159026,2.0,343.004383002251,,1.0,none,True,True,1.0,squared_hinge,1000,ovr,l2,0.001
none,fastica,selectp,minmax,,poly,,0.9436316379968,28,,,,,2,1.0,none,True,True,1.0,squared_hinge,1000,ovr,l2,0.001
ordinal,ka_rbf,none,none,550,none,,,,,,,285192.0306055433,,1.0,none,True,True,1.0,squared_hinge,1000,ovr,l2,0.001
ordinal,lda,selectp,minmax,,none,,0.2069032955898,80,,,,,,1.0,none,True,True,1.0,squared_hinge,1000,ovr,l2,0.001
none,pca,none,minmax,,none,,,,,,,,,1.0,none,True,True,1.0,squared_hinge,1000,ovr,l2,0.001
ordinal,none,selectp,none,,none,,,64,,,,,,1.0,none,True,True,1.0,squared_hinge,1000,ovr,l2,0.001
onehot,kernel_pca,selectp,none,,none,poly,0.3991911910712,47,,63.5313898641539,5.0,1.886231e-06,,1.0,none,True,True,1.0,squared_hinge,1000,ovr,l2,0.001
ordinal,ka_rbf,selectp,none,168,none,,,98,,,,387887.40511226974,,1.0,none,True,True,1.0,squared_hinge,1000,ovr,l2,0.001
ordinal,lda,none,std,,poly,,0.12110207267,,False,,,,2,1.0,none,True,True,1.0,squared_hinge,1000,ovr,l2,0.001
onehot,ka_rbf,selectp,none,202,none,,,19,,,,551462.1680417575,,1.0,none,True,True,1.0,squared_hinge,1000,ovr,l2,0.001
ordinal,ka_nystroem,none,std,325,none,rbf,,,False,,,780.3452701226179,,1.0,none,True,True,1.0,squared_hinge,1000,ovr,l2,0.001
ordinal,ka_nystroem,selectp,minmax,281,none,poly,,74,,64.6775446417958,3.0,0.0001274847388,,1.0,none,True,True,1.0,squared_hinge,1000,ovr,l2,0.001
onehot,ka_nystroem,selectp,std,866,none,sigmoid,,13,False,37.0195245218362,2.0,19.3399423649835,,1.0,none,True,True,1.0,squared_hinge,1000,ovr,l2,0.001
onehot,pca,none,minmax,,none,,,,,,,,,1.0,none,True,True,1.0,squared_hinge,1000,ovr,l2,0.001
none,ka_rbf,selectp,minmax,768,none,,,79,,,,3.6830627845104,,1.0,none,True,True,1.0,squared_hinge,1000,ovr,l2,0.001
none,fastica,none,none,,none,,0.7802584584555,,,,,,,1.0,none,True,True,1.0,squared_hinge,1000,ovr,l2,0.001
onehot,kernel_pca,selectp,none,,none,rbf,0.8769353475326,47,,,,37.0644818079862,,1.0,none,True,True,1.0,squared_hinge,1000,ovr,l2,0.001
ordinal,none,selectp,std,,none,,,77,True,,,,,1.0,none,True,True,1.0,squared_hinge,1000,ovr,l2,0.001
onehot,pca,none,none,,none,,,,,,,,,1.0,none,True,True,1.0,squared_hinge,1000,ovr,l2,0.001
none,fastica,none,std,,poly,,0.6419792660507,,False,,,,2,1.0,none,True,True,1.0,squared_hinge,1000,ovr,l2,0.001
ordinal,ka_nystroem,none,minmax,153,none,cosine,,,,,,,,1.0,none,True,True,1.0,squared_hinge,1000,ovr,l2,0.001
ordinal,ka_rbf,selectp,minmax,467,none,,,33,,,,79.8971343078893,,1.0,none,True,True,1.0,squared_hinge,1000,ovr,l2,0.001
none,ka_rbf,none,minmax,662,none,,,,,,,0.2916059570936,,1.0,none,True,True,1.0,squared_hinge,1000,ovr,l2,0.001
none,kernel_pca,selectp,std,,none,poly,0.0872128896971,23,False,76.3927545791018,2.0,0.0630014516317,,1.0,none,True,True,1.0,squared_hinge,1000,ovr,l2,0.001
ordinal,fastica,none,minmax,,none,,0.0759303689132,,,,,,,1.0,none,True,True,1.0,squared_hinge,1000,ovr,l2,0.001
onehot,fastica,selectp,minmax,,none,,0.2436106813892,92,,,,,,1.0,none,True,True,1.0,squared_hinge,1000,ovr,l2,0.001
none,fastica,none,std,,poly,,0.1615659278674,,True,,,,2,1.0,none,True,True,1.0,squared_hinge,1000,ovr,l2,0.001
none,kernel_pca,selectp,std,,none,sigmoid,0.2478893968299,10,True,19.7441309726144,5.0,9674.200214971721,,1.0,none,True,True,1.0,squared_hinge,1000,ovr,l2,0.001
none,lda,selectp,std,,none,,0.7655088279522,53,True,,,,,1.0,none,True,True,1.0,squared_hinge,1000,ovr,l2,0.001
none,lda,selectp,std,,none,,0.8714803567221,44,False,,,,,1.0,none,True,True,1.0,squared_hinge,1000,ovr,l2,0.001
ordinal,ka_nystroem,selectp,none,387,none,sigmoid,,82,,98.0375079229657,5.0,0.0002915274752,,1.0,none,True,True,1.0,squared_hinge,1000,ovr,l2,0.001
none,lda,none,minmax,,poly,,0.4616602769419,,,,,,2,1.0,none,True,True,1.0,squared_hinge,1000,ovr,l2,0.001
none,ka_nystroem,none,std,518,none,rbf,,,False,,,2.4798987400197,,1.0,none,True,True,1.0,squared_hinge,1000,ovr,l2,0.001
none,none,none,std,,none,,,,False,,,,,1.0,none,True,True,1.0,squared_hinge,1000,ovr,l2,0.001
ordinal,none,none,minmax,,none,,,,,,,,,1.0,none,True,True,1.0,squared_hinge,1000,ovr,l2,0.001
onehot,ka_nystroem,none,minmax,301,none,sigmoid,,,,95.4400880569827,4.0,5.5244799652967,,1.0,none,True,True,1.0,squared_hinge,1000,ovr,l2,0.001
none,kernel_pca,selectp,none,,none,poly,0.4369452683735,99,,14.8958651134358,4.0,110832.09683030158,,1.0,none,True,True,1.0,squared_hinge,1000,ovr,l2,0.001
ordinal,ka_rbf,none,minmax,237,none,,,,,,,0.0006488810918,,1.0,none,True,True,1.0,squared_hinge,1000,ovr,l2,0.001
onehot,lda,selectp,std,,poly,,0.8301956856127,88,False,,,,2,1.0,none,True,True,1.0,squared_hinge,1000,ovr,l2,0.001
onehot,pca,selectp,none,,none,,,71,,,,,,1.0,none,True,True,1.0,squared_hinge,1000,ovr,l2,0.001
onehot,fastica,none,std,,poly,,0.2517154634985,,True,,,,2,1.0,none,True,True,1.0,squared_hinge,1000,ovr,l2,0.001
onehot,fastica,selectp,minmax,,poly,,0.7697911054541,66,,,,,2,1.0,none,True,True,1.0,squared_hinge,1000,ovr,l2,0.001
onehot,kernel_pca,none,none,,none,cosine,0.9830972132159,,,,,,,1.0,none,True,True,1.0,squared_hinge,1000,ovr,l2,0.001
ordinal,none,none,std,,poly,,,,True,,,,2,1.0,none,True,True,1.0,squared_hinge,1000,ovr,l2,0.001
onehot,none,selectp,std,,none,,,2,False,,,,,1.0,none,True,True,1.0,squared_hinge,1000,ovr,l2,0.001
onehot,agglomerator,none,std,,poly,,0.7721727995224,,False,,,,2,1.0,none,True,True,1.0,squared_hinge,1000,ovr,l2,0.001
onehot,ka_nystroem,none,none,727,none,sigmoid,,,,76.1330276012799,3.0,3659.4777813551896,,1.0,none,True,True,1.0,squared_hinge,1000,ovr,l2,0.001
ordinal,lda,none,minmax,,none,,0.4217937814835,,,,,,,1.0,none,True,True,1.0,squared_hinge,1000,ovr,l2,0.001
ordinal,fastica,selectp,std,,none,,0.8466268510051,87,True,,,,,1.0,none,True,True,1.0,squared_hinge,1000,ovr,l2,0.001
none,ka_nystroem,selectp,std,948,none,sigmoid,,2,True,42.188213601046,3.0,18525.001730340675,,1.0,none,True,True,1.0,squared_hinge,1000,ovr,l2,0.001
none,fastica,none,std,,none,,0.2143868971339,,True,,,,,1.0,none,True,True,1.0,squared_hinge,1000,ovr,l2,0.001
none,agglomerator,none,std,,poly,,0.7454693091599,,True,,,,2,1.0,none,True,True,1.0,squared_hinge,1000,ovr,l2,0.001
ordinal,lda,none,std,,poly,,0.2040407467379,,False,,,,2,1.0,none,True,True,1.0,squared_hinge,1000,ovr,l2,0.001
none,kernel_pca,selectp,none,,none,cosine,0.1809697192935,10,,,,,,1.0,none,True,True,1.0,squared_hinge,1000,ovr,l2,0.001
none,ka_rbf,none,none,493,none,,,,,,,4.4302604e-06,,1.0,none,True,True,1.0,squared_hinge,1000,ovr,l2,0.001
ordinal,kernel_pca,none,minmax,,none,cosine,0.0343026353587,,,,,,,1.0,none,True,True,1.0,squared_hinge,1000,ovr,l2,0.001
ordinal,agglomerator,none,std,,poly,,0.3944498348097,,False,,,,2,1.0,none,True,True,1.0,squared_hinge,1000,ovr,l2,0.001
none,fastica,selectp,std,,none,,0.6500296913378,72,True,,,,,1.0,none,True,True,1.0,squared_hinge,1000,ovr,l2,0.001
none,pca,none,std,,none,,,,False,,,,,1.0,none,True,True,1.0,squared_hinge,1000,ovr,l2,0.001
ordinal,pca,selectp,none,,none,,,61,,,,,,1.0,none,True,True,1.0,squared_hinge,1000,ovr,l2,0.001
onehot,agglomerator,none,none,,poly,,0.5841527242157,,,,,,2,1.0,none,True,True,1.0,squared_hinge,1000,ovr,l2,0.001
ordinal,fastica,selectp,minmax,,poly,,0.6241594710552,27,,,,,2,1.0,none,True,True,1.0,squared_hinge,1000,ovr,l2,0.001
onehot,ka_nystroem,none,minmax,39,none,rbf,,,,,,2.9724144959681,,1.0,none,True,True,1.0,squared_hinge,1000,ovr,l2,0.001
ordinal,fastica,none,minmax,,poly,,0.7373935399603,,,,,,2,1.0,none,True,True,1.0,squared_hinge,1000,ovr,l2,0.001
ordinal,none,selectp,std,,poly,,,10,False,,,,2,1.0,none,True,True,1.0,squared_hinge,1000,ovr,l2,0.001
ordinal,ka_nystroem,none,minmax,866,none,poly,,,,24.9071110160877,3.0,0.0491187902308,,1.0,none,True,True,1.0,squared_hinge,1000,ovr,l2,0.001
none,fastica,none,minmax,,poly,,0.3978747858185,,,,,,2,1.0,none,True,True,1.0,squared_hinge,1000,ovr,l2,0.001
ordinal,fastica,none,none,,none,,0.0885549971912,,,,,,,1.0,none,True,True,1.0,squared_hinge,1000,ovr,l2,0.001
ordinal,none,selectp,minmax,,poly,,,27,,,,,2,1.0,none,True,True,1.0,squared_hinge,1000,ovr,l2,0.001
ordinal,none,selectp,none,,none,,,79,,,,,,1.0,none,True,True,1.0,squared_hinge,1000,ovr,l2,0.001
onehot,ka_rbf,none,none,65,none,,,,,,,0.0146085164089,,1.0,none,True,True,1.0,squared_hinge,1000,ovr,l2,0.001
ordinal,kernel_pca,none,minmax,,none,sigmoid,0.6267589596825,,,26.8167896299574,2.0,39.0634359601604,,1.0,none,True,True,1.0,squared_hinge,1000,ovr,l2,0.001
ordinal,none,selectp,std,,none,,,22,True,,,,,1.0,none,True,True,1.0,squared_hinge,1000,ovr,l2,0.001
none,lda,selectp,minmax,,poly,,0.6301166102812,67,,,,,2,1.0,none,True,True,1.0,squared_hinge,1000,ovr,l2,0.001
onehot,ka_nystroem,none,minmax,524,none,rbf,,,,,,7.3345273110422,,1.0,none,True,True,1.0,squared_hinge,1000,ovr,l2,0.001
ordinal,kernel_pca,none,none,,none,poly,0.4782497422405,,,98.6367585635185,3.0,1.8680571654589,,1.0,none,True,True,1.0,squared_hinge,1000,ovr,l2,0.001
onehot,kernel_pca,selectp,std,,none,sigmoid,0.3327138217237,23,True,82.6113660191025,3.0,462.9718597162717,,1.0,none,True,True,1.0,squared_hinge,1000,ovr,l2,0.001
onehot,ka_rbf,none,minmax,239,none,,,,,,,1.0355670135736,,1.0,none,True,True,1.0,squared_hinge,1000,ovr,l2,0.001
none,ka_rbf,selectp,std,125,none,,,20,False,,,1.40740908e-05,,1.0,none,True,True,1.0,squared_hinge,1000,ovr,l2,0.001
ordinal,ka_nystroem,none,minmax,39,none,rbf,,,,,,0.0014139646141,,1.0,none,True,True,1.0,squared_hinge,1000,ovr,l2,0.001
none,none,selectp,none,,none,,,89,,,,,,1.0,none,True,True,1.0,squared_hinge,1000,ovr,l2,0.001
none,lda,none,minmax,,none,,0.4155800578036,,,,,,,1.0,none,True,True,1.0,squared_hinge,1000,ovr,l2,0.001
onehot,ka_rbf,selectp,none,708,none,,,45,,,,0.009658111138,,1.0,none,True,True,1.0,squared_hinge,1000,ovr,l2,0.001
none,fastica,none,minmax,,none,,0.7669660436824,,,,,,,1.0,none,True,True,1.0,squared_hinge,1000,ovr,l2,0.001
none,pca,selectp,std,,none,,,39,True,,,,,1.0,none,True,True,1.0,squared_hinge,1000,ovr,l2,0.001
none,fastica,none,none,,none,,0.1695055196359,,,,,,,1.0,none,True,True,1.0,squared_hinge,1000,ovr,l2,0.001
none,ka_rbf,selectp,std,286,none,,,69,False,,,0.0006177237425,,1.0,none,True,True,1.0,squared_hinge,1000,ovr,l2,0.001
ordinal,lda,selectp,minmax,,poly,,0.5776644372627,23,,,,,2,1.0,none,True,True,1.0,squared_hinge,1000,ovr,l2,0.001
none,agglomerator,none,none,,poly,,0.3948282802886,,,,,,2,1.0,none,True,True,1.0,squared_hinge,1000,ovr,l2,0.001
onehot,none,selectp,none,,poly,,,33,,,,,2,1.0,none,True,True,1.0,squared_hinge,1000,ovr,l2,0.001
ordinal,pca,none,none,,none,,,,,,,,,1.0,none,True,True,1.0,squared_hinge,1000,ovr,l2,0.001
onehot,ka_nystroem,none,std,196,none,poly,,,False,83.8401921394065,2.0,6.0660633894238,,1.0,none,True,True,1.0,squared_hinge,1000,ovr,l2,0.001
none,none,selectp,std,,poly,,,4,True,,,,2,1.0,none,True,True,1.0,squared_hinge,1000,ovr,l2,0.001
ordinal,none,none,std,,none,,,,True,,,,,1.0,none,True,True,1.0,squared_hinge,1000,ovr,l2,0.001
onehot,agglomerator,selectp,std,,none,,0.4320454599461,36,False,,,,,1.0,none,True,True,1.0,squared_hinge,1000,ovr,l2,0.001
none,lda,selectp,minmax,,none,,0.6395438915271,18,,,,,,1.0,none,True,True,1.0,squared_hinge,1000,ovr,l2,0.001
ordinal,agglomerator,none,std,,none,,0.5381225909793,,False,,,,,1.0,none,True,True,1.0,squared_hinge,1000,ovr,l2,0.001
onehot,kernel_pca,selectp,none,,none,sigmoid,0.084090230863,73,,66.3866724108754,2.0,0.0913316867647,,1.0,none,True,True,1.0,squared_hinge,1000,ovr,l2,0.001
ordinal,ka_rbf,selectp,std,243,none,,,16,False,,,7.53357386e-05,,1.0,none,True,True,1.0,squared_hinge,1000,ovr,l2,0.001
ordinal,ka_rbf,none,std,375,none,,,,False,,,1.8389882700719,,1.0,none,True,True,1.0,squared_hinge,1000,ovr,l2,0.001
none,fastica,none,none,,none,,0.6996148094361,,,,,,,1.0,none,True,True,1.0,squared_hinge,1000,ovr,l2,0.001
ordinal,pca,selectp,none,,none,,,45,,,,,,1.0,none,True,True,1.0,squared_hinge,1000,ovr,l2,0.001
ordinal,pca,selectp,none,,none,,,4,,,,,,1.0,none,True,True,1.0,squared_hinge,1000,ovr,l2,0.001
none,ka_nystroem,selectp,std,378,none,rbf,,26,True,,,1.4903591536425,,1.0,none,True,True,1.0,squared_hinge,1000,ovr,l2,0.001
onehot,fastica,selectp,none,,poly,,0.9431772621938,91,,,,,2,1.0,none,True,True,1.0,squared_hinge,1000,ovr,l2,0.001
ordinal,kernel_pca,selectp,std,,none,rbf,0.728746664318,41,True,,,0.1565986002714,,1.0,none,True,True,1.0,squared_hinge,1000,ovr,l2,0.001
ordinal,agglomerator,selectp,minmax,,poly,,0.3451571918235,1,,,,,2,1.0,none,True,True,1.0,squared_hinge,1000,ovr,l2,0.001
none,ka_rbf,selectp,std,905,none,,,60,True,,,0.0006709346851,,1.0,none,True,True,1.0,squared_hinge,1000,ovr,l2,0.001
onehot,lda,selectp,none,,poly,,0.578622950124,28,,,,,2,1.0,none,True,True,1.0,squared_hinge,1000,ovr,l2,0.001
onehot,ka_nystroem,selectp,none,72,none,sigmoid,,71,,81.1244836951103,5.0,5606.716952736461,,1.0,none,True,True,1.0,squared_hinge,1000,ovr,l2,0.001
onehot,lda,none,std,,poly,,0.1047511672343,,True,,,,2,1.0,none,True,True,1.0,squared_hinge,1000,ovr,l2,0.001
none,ka_nystroem,selectp,none,775,none,rbf,,4,,,,354491.56226119783,,1.0,none,True,True,1.0,squared_hinge,1000,ovr,l2,0.001
onehot,fastica,selectp,none,,poly,,0.3977503382845,50,,,,,2,1.0,none,True,True,1.0,squared_hinge,1000,ovr,l2,0.001
onehot,ka_nystroem,none,std,560,none,cosine,,,False,,,,,1.0,none,True,True,1.0,squared_hinge,1000,ovr,l2,0.001
onehot,pca,selectp,none,,none,,,10,,,,,,1.0,none,True,True,1.0,squared_hinge,1000,ovr,l2,0.001
none,ka_rbf,selectp,none,569,none,,,100,,,,43.7820534404071,,1.0,none,True,True,1.0,squared_hinge,1000,ovr,l2,0.001
onehot,agglomerator,selectp,minmax,,poly,,0.3530579333445,2,,,,,2,1.0,none,True,True,1.0,squared_hinge,1000,ovr,l2,0.001
onehot,kernel_pca,selectp,std,,none,rbf,0.5075545634526,87,False,,,75394.48355498261,,1.0,none,True,True,1.0,squared_hinge,1000,ovr,l2,0.001
onehot,ka_rbf,none,std,302,none,,,,True,,,2.8813704611365,,1.0,none,True,True,1.0,squared_hinge,1000,ovr,l2,0.001
onehot,pca,selectp,minmax,,none,,,56,,,,,,1.0,none,True,True,1.0,squared_hinge,1000,ovr,l2,0.001
none,fastica,selectp,none,,poly,,0.0248127993718,67,,,,,2,1.0,none,True,True,1.0,squared_hinge,1000,ovr,l2,0.001
ordinal,fastica,selectp,minmax,,poly,,0.6061117048966,91,,,,,2,1.0,none,True,True,1.0,squared_hinge,1000,ovr,l2,0.001
onehot,agglomerator,none,std,,none,,0.8044015751441,,True,,,,,1.0,none,True,True,1.0,squared_hinge,1000,ovr,l2,0.001
none,agglomerator,none,std,,none,,0.7092816096729,,True,,,,,1.0,none,True,True,1.0,squared_hinge,1000,ovr,l2,0.001
ordinal,ka_nystroem,selectp,std,503,none,poly,,59,False,62.5805969220872,4.0,151.7124500708418,,1.0,none,True,True,1.0,squared_hinge,1000,ovr,l2,0.001
none,ka_nystroem,none,minmax,445,none,cosine,,,,,,,,1.0,none,True,True,1.0,squared_hinge,1000,ovr,l2,0.001
onehot,fastica,none,none,,poly,,0.069522547621,,,,,,2,1.0,none,True,True,1.0,squared_hinge,1000,ovr,l2,0.001
none,agglomerator,none,minmax,,poly,,0.3621069084524,,,,,,2,1.0,none,True,True,1.0,squared_hinge,1000,ovr,l2,0.001
ordinal,lda,none,std,,poly,,0.8106796046047,,True,,,,2,1.0,none,True,True,1.0,squared_hinge,1000,ovr,l2,0.001
onehot,none,selectp,minmax,,poly,,,9,,,,,2,1.0,none,True,True,1.0,squared_hinge,1000,ovr,l2,0.001
none,fastica,none,none,,poly,,0.8352537082935,,,,,,2,1.0,none,True,True,1.0,squared_hinge,1000,ovr,l2,0.001
ordinal,fastica,none,minmax,,poly,,0.22877293454,,,,,,2,1.0,none,True,True,1.0,squared_hinge,1000,ovr,l2,0.001
onehot,none,none,none,,poly,,,,,,,,2,1.0,none,True,True,1.0,squared_hinge,1000,ovr,l2,0.001
ordinal,fastica,selectp,std,,none,,0.9964850378309,63,False,,,,,1.0,none,True,True,1.0,squared_hinge,1000,ovr,l2,0.001
onehot,kernel_pca,none,minmax,,none,sigmoid,0.1536547378452,,,86.3172342953253,3.0,0.500559529721,,1.0,none,True,True,1.0,squared_hinge,1000,ovr,l2,0.001
none,ka_nystroem,selectp,minmax,838,none,cosine,,7,,,,,,1.0,none,True,True,1.0,squared_hinge,1000,ovr,l2,0.001
onehot,ka_rbf,selectp,std,171,none,,,64,False,,,0.0022229747328,,1.0,none,True,True,1.0,squared_hinge,1000,ovr,l2,0.001
onehot,agglomerator,selectp,std,,none,,0.5609520395117,72,True,,,,,1.0,none,True,True,1.0,squared_hinge,1000,ovr,l2,0.001
none,ka_nystroem,none,none,821,none,rbf,,,,,,0.0010522856679,,1.0,none,True,True,1.0,squared_hinge,1000,ovr,l2,0.001
onehot,kernel_pca,selectp,minmax,,none,cosine,0.6657112589669,67,,,,,,1.0,none,True,True,1.0,squared_hinge,1000,ovr,l2,0.001
onehot,ka_rbf,selectp,minmax,799,none,,,27,,,,3616.5848189966146,,1.0,none,True,True,1.0,squared_hinge,1000,ovr,l2,0.001
onehot,none,none,minmax,,poly,,,,,,,,2,1.0,none,True,True,1.0,squared_hinge,1000,ovr,l2,0.001
none,agglomerator,none,none,,none,,0.7626687987274,,,,,,,1.0,none,True,True,1.0,squared_hinge,1000,ovr,l2,0.001
none,ka_nystroem,selectp,none,705,none,rbf,,49,,,,0.000633227406,,1.0,none,True,True,1.0,squared_hinge,1000,ovr,l2,0.001
onehot,ka_rbf,selectp,std,702,none,,,24,True,,,513.8268648329041,,1.0,none,True,True,1.0,squared_hinge,1000,ovr,l2,0.001
onehot,lda,none,none,,none,,0.0997523368431,,,,,,,1.0,none,True,True,1.0,squared_hinge,1000,ovr,l2,0.001
ordinal,fastica,selectp,none,,poly,,0.7661986154682,2,,,,,2,1.0,none,True,True,1.0,squared_hinge,1000,ovr,l2,0.001
onehot,lda,selectp,minmax,,none,,0.8917848788442,52,,,,,,1.0,none,True,True,1.0,squared_hinge,1000,ovr,l2,0.001
none,kernel_pca,selectp,none,,none,sigmoid,0.9330906143596,46,,39.079120204041,2.0,651485.0681427119,,1.0,none,True,True,1.0,squared_hinge,1000,ovr,l2,0.001
none,ka_rbf,selectp,std,379,none,,,39,False,,,0.0001953171477,,1.0,none,True,True,1.0,squared_hinge,1000,ovr,l2,0.001
ordinal,ka_nystroem,none,std,914,none,poly,,,False,6.7980934925929,3.0,5.5828751254539,,1.0,none,True,True,1.0,squared_hinge,1000,ovr,l2,0.001
ordinal,none,selectp,minmax,,poly,,,6,,,,,2,1.0,none,True,True,1.0,squared_hinge,1000,ovr,l2,0.001
ordinal,kernel_pca,none,none,,none,rbf,0.9806062727358,,,,,100.5445301992466,,1.0,none,True,True,1.0,squared_hinge,1000,ovr,l2,0.001
none,lda,none,none,,poly,,0.149020222455,,,,,,2,1.0,none,True,True,1.0,squared_hinge,1000,ovr,l2,0.001
ordinal,none,none,none,1,none,cosine,0.1,100,True,0.0,2.0,1.0,2,6447.805678064535,balanced,True,True,13.9801282347398,hinge,698,ovo-scikit,l2,0.1943238312414
ordinal,none,none,none,1,none,cosine,0.1,100,True,0.0,2.0,1.0,2,0.0037904732567,none,True,False,7.9607654045139,squared_hinge,2249,ovo-scikit,l2,8.30798678e-05
ordinal,none,none,none,1,none,cosine,0.1,100,True,0.0,2.0,1.0,2,10.1569329078727,none,False,True,133.7929615920598,squared_hinge,617,ovo-scikit,l1,1.6479573893642
ordinal,none,none,none,1,none,cosine,0.1,100,True,0.0,2.0,1.0,2,1.4943e-09,balanced,True,False,677.8236404369494,squared_hinge,4915,ovo-scikit,l2,0.0010757961682
ordinal,none,none,none,1,none,cosine,0.1,100,True,0.0,2.0,1.0,2,892924.8018408853,balanced,False,True,165.2478026932615,squared_hinge,300,ovr,l1,0.0272869737728
ordinal,none,none,none,1,none,cosine,0.1,100,True,0.0,2.0,1.0,2,396745173588.1053,balanced,False,True,227.325075771595,squared_hinge,126,ovo-scikit,l1,0.0004927553639
ordinal,none,none,none,1,none,cosine,0.1,100,True,0.0,2.0,1.0,2,194.8403025471224,none,False,False,66.9943871291795,squared_hinge,357,ovo-scikit,l2,0.0393437331125
ordinal,none,none,none,1,none,cosine,0.1,100,True,0.0,2.0,1.0,2,5.47e-11,balanced,False,False,5.2705645111226,squared_hinge,225,ovr,l2,0.0731516189257
ordinal,none,none,none,1,none,cosine,0.1,100,True,0.0,2.0,1.0,2,3.03e-11,balanced,False,True,2.6977647338649,squared_hinge,113,ovr,l1,0.273559344463
ordinal,none,none,none,1,none,cosine,0.1,100,True,0.0,2.0,1.0,2,3.54108807e-05,balanced,True,False,153.930574944594,squared_hinge,406,ovo-scikit,l2,0.0053561168756
ordinal,none,none,none,1,none,cosine,0.1,100,True,0.0,2.0,1.0,2,0.001384259301,balanced,False,True,5.5671121812198,squared_hinge,1100,ovo-scikit,l2,0.0792156059824
ordinal,none,none,none,1,none,cosine,0.1,100,True,0.0,2.0,1.0,2,1.2e-12,none,False,True,6.7992943024232,squared_hinge,1998,ovr,l1,6.55530499e-05
ordinal,none,none,none,1,none,cosine,0.1,100,True,0.0,2.0,1.0,2,167644641.0137566,balanced,False,True,85.9906567981254,squared_hinge,569,ovo-scikit,l1,0.0385246000922
ordinal,none,none,none,1,none,cosine,0.1,100,True,0.0,2.0,1.0,2,788831727400.4032,balanced,True,False,37.7604158303103,hinge,1376,ovo-scikit,l2,0.259195885088
ordinal,none,none,none,1,none,cosine,0.1,100,True,0.0,2.0,1.0,2,1.0438338769289,balanced,True,True,1.2677321096808,hinge,2454,ovr,l2,0.0010289105762
ordinal,none,none,none,1,none,cosine,0.1,100,True,0.0,2.0,1.0,2,1120.4566648246391,none,False,True,281.069501834387,squared_hinge,5176,ovr,l2,0.6462843723954
ordinal,none,none,none,1,none,cosine,0.1,100,True,0.0,2.0,1.0,2,3.54199531e-05,none,True,True,106.0914190202478,squared_hinge,337,ovo-scikit,l2,0.0001399060756
ordinal,none,none,none,1,none,cosine,0.1,100,True,0.0,2.0,1.0,2,1.90786001e-05,balanced,True,False,169.3599401042824,hinge,1014,ovr,l2,0.0056991173328
ordinal,none,none,none,1,none,cosine,0.1,100,True,0.0,2.0,1.0,2,1.3333e-09,none,False,False,2.4319675920993,squared_hinge,948,ovr,l1,0.076693429333
ordinal,none,none,none,1,none,cosine,0.1,100,True,0.0,2.0,1.0,2,9.12e-11,none,True,True,2.495170626297,hinge,2359,ovo-scikit,l2,0.0004801417278
ordinal,none,none,none,1,none,cosine,0.1,100,True,0.0,2.0,1.0,2,5.26485092e-05,balanced,False,False,165.1605578167671,squared_hinge,4077,ovo-scikit,l1,1.5454524921936
ordinal,none,none,none,1,none,cosine,0.1,100,True,0.0,2.0,1.0,2,9392907.592947163,balanced,False,True,254.1051135385636,squared_hinge,118,ovo-scikit,l1,0.1202071273518
ordinal,none,none,none,1,none,cosine,0.1,100,True,0.0,2.0,1.0,2,0.0014278899301,balanced,False,False,43.962401483374,squared_hinge,597,ovo-scikit,l1,0.0030513001919
ordinal,none,none,none,1,none,cosine,0.1,100,True,0.0,2.0,1.0,2,4324015523.186846,balanced,True,True,2.643223370914,squared_hinge,1639,ovo-scikit,l2,0.0092411167488
ordinal,none,none,none,1,none,cosine,0.1,100,True,0.0,2.0,1.0,2,7.688e-10,balanced,False,True,159.2194138909986,squared_hinge,5424,ovr,l2,0.0004023537247
ordinal,none,none,none,1,none,cosine,0.1,100,True,0.0,2.0,1.0,2,1.126170357832,none,False,False,138.2338997662582,squared_hinge,142,ovr,l2,4.68437887e-05
ordinal,none,none,none,1,none,cosine,0.1,100,True,0.0,2.0,1.0,2,948147.549845341,none,False,False,1.2962266986919,squared_hinge,386,ovr,l1,1.5046078753676
ordinal,none,none,none,1,none,cosine,0.1,100,True,0.0,2.0,1.0,2,4.06008179e-05,none,False,True,569.1632271528767,squared_hinge,4471,ovr,l2,0.0074804348385
ordinal,none,none,none,1,none,cosine,0.1,100,True,0.0,2.0,1.0,2,2.190175e-07,balanced,True,False,11.5908169159874,hinge,7235,ovr,l2,0.1068208989082
ordinal,none,none,none,1,none,cosine,0.1,100,True,0.0,2.0,1.0,2,527368750573.13617,none,False,False,544.7631292089105,squared_hinge,3129,ovr,l2,0.0100010481241
ordinal,none,none,none,1,none,cosine,0.1,100,True,0.0,2.0,1.0,2,186912.64600146556,balanced,True,True,1.1134574635423,hinge,1360,ovr,l2,0.0726449641944
ordinal,none,none,none,1,none,cosine,0.1,100,True,0.0,2.0,1.0,2,2.0892362e-06,none,True,True,2.7172954422808,hinge,610,ovo-scikit,l2,0.1132100151197
ordinal,none,none,none,1,none,cosine,0.1,100,True,0.0,2.0,1.0,2,2855.0846246888814,none,False,True,313.8148596092818,squared_hinge,170,ovr,l1,0.0012455562487
ordinal,none,none,none,1,none,cosine,0.1,100,True,0.0,2.0,1.0,2,0.1031518407365,balanced,True,True,1.4914739597713,hinge,2430,ovr,l2,0.0001264465184
ordinal,none,none,none,1,none,cosine,0.1,100,True,0.0,2.0,1.0,2,6.733459e-07,balanced,False,False,13.6837717061701,squared_hinge,241,ovr,l1,0.0217547254283
ordinal,none,none,none,1,none,cosine,0.1,100,True,0.0,2.0,1.0,2,422.915617661366,none,False,False,5.2937381735873,squared_hinge,183,ovr,l2,0.0136721017218
ordinal,none,none,none,1,none,cosine,0.1,100,True,0.0,2.0,1.0,2,964586498.6967416,none,True,False,1.4729222212713,hinge,143,ovr,l2,0.0045427115332
ordinal,none,none,none,1,none,cosine,0.1,100,True,0.0,2.0,1.0,2,1312625520.9423888,none,False,False,159.04497156516,squared_hinge,252,ovr,l2,0.3778213095301
ordinal,none,none,none,1,none,cosine,0.1,100,True,0.0,2.0,1.0,2,0.0006364096342,balanced,True,True,461.0651671840097,hinge,2311,ovr,l2,7.22649634e-05
ordinal,none,none,none,1,none,cosine,0.1,100,True,0.0,2.0,1.0,2,3.408e-10,none,True,True,281.0355461874348,hinge,2649,ovo-scikit,l2,0.0983659900593
ordinal,none,none,none,1,none,cosine,0.1,100,True,0.0,2.0,1.0,2,0.0027294508393,none,True,False,1.2238496896145,squared_hinge,3427,ovr,l2,0.9113423889648
ordinal,none,none,none,1,none,cosine,0.1,100,True,0.0,2.0,1.0,2,2.079628e-07,none,False,False,251.065173499419,squared_hinge,6311,ovo-scikit,l2,0.0054511003992
ordinal,none,none,none,1,none,cosine,0.1,100,True,0.0,2.0,1.0,2,0.0070391395513,none,False,True,16.8501626987001,squared_hinge,2471,ovo-scikit,l2,0.337654034556
ordinal,none,none,none,1,none,cosine,0.1,100,True,0.0,2.0,1.0,2,11027948.589407727,none,False,True,3.9483224765891,squared_hinge,363,ovo-scikit,l1,0.7975335797781
ordinal,none,none,none,1,none,cosine,0.1,100,True,0.0,2.0,1.0,2,1.453e-10,none,False,False,141.1173367940952,squared_hinge,3120,ovr,l1,0.0105355136381
ordinal,none,none,none,1,none,cosine,0.1,100,True,0.0,2.0,1.0,2,19.9818856757719,balanced,False,True,100.09548041037,squared_hinge,277,ovr,l2,0.0594628282288
ordinal,none,none,none,1,none,cosine,0.1,100,True,0.0,2.0,1.0,2,2.1307926822666,none,True,False,19.0191343971494,hinge,202,ovo-scikit,l2,0.0007290738903
ordinal,none,none,none,1,none,cosine,0.1,100,True,0.0,2.0,1.0,2,128.7767812755001,none,False,True,546.4969762278304,squared_hinge,2058,ovo-scikit,l1,0.0834258530629
ordinal,none,none,none,1,none,cosine,0.1,100,True,0.0,2.0,1.0,2,353.6831929672928,balanced,False,False,2.1257058723625,squared_hinge,1112,ovo-scikit,l1,0.0017944367038
ordinal,none,none,none,1,none,cosine,0.1,100,True,0.0,2.0,1.0,2,37876074372.64733,none,False,True,3.6442648017512,squared_hinge,4942,ovr,l2,0.0011727132416
ordinal,none,none,none,1,none,cosine,0.1,100,True,0.0,2.0,1.0,2,4.281355e-07,none,True,True,112.5000526947348,hinge,163,ovo-scikit,l2,0.2906606318002
ordinal,none,none,none,1,none,cosine,0.1,100,True,0.0,2.0,1.0,2,5.4e-12,none,True,True,456.5425232707283,hinge,269,ovr,l2,0.0371792730862
ordinal,none,none,none,1,none,cosine,0.1,100,True,0.0,2.0,1.0,2,4.078e-10,none,False,True,1.6039932614974,squared_hinge,2977,ovr,l1,1.227759847946
ordinal,none,none,none,1,none,cosine,0.1,100,True,0.0,2.0,1.0,2,5.3338944698706,balanced,True,True,387.0507685116448,hinge,164,ovo-scikit,l2,0.0002304993901
ordinal,none,none,none,1,none,cosine,0.1,100,True,0.0,2.0,1.0,2,7.7796e-09,balanced,False,True,402.5068187826424,squared_hinge,341,ovr,l1,0.0061757441338
ordinal,none,none,none,1,none,cosine,0.1,100,True,0.0,2.0,1.0,2,5.0851457150138,balanced,False,False,4.7267979608884,squared_hinge,577,ovr,l1,0.0010391857878
ordinal,none,none,none,1,none,cosine,0.1,100,True,0.0,2.0,1.0,2,2.42952e-08,balanced,False,True,1.4501124977745,squared_hinge,1180,ovr,l2,7.2233932e-05
ordinal,none,none,none,1,none,cosine,0.1,100,True,0.0,2.0,1.0,2,7.834e-10,none,True,False,20.7720282906463,squared_hinge,166,ovr,l2,0.9990681660406
ordinal,none,none,none,1,none,cosine,0.1,100,True,0.0,2.0,1.0,2,186.3992875685986,balanced,True,False,178.3283929914472,squared_hinge,2934,ovo-scikit,l2,0.0002496213945
ordinal,none,none,none,1,none,cosine,0.1,100,True,0.0,2.0,1.0,2,5.156599e-07,none,False,False,14.466268157472,squared_hinge,1093,ovr,l1,0.0060876164003
ordinal,none,none,none,1,none,cosine,0.1,100,True,0.0,2.0,1.0,2,0.2178263008745,none,True,True,26.9949920919271,squared_hinge,369,ovo-scikit,l2,0.5650396494247
ordinal,none,none,none,1,none,cosine,0.1,100,True,0.0,2.0,1.0,2,99723.00889555336,balanced,False,False,17.5452903812526,squared_hinge,239,ovr,l2,0.9686058840865
ordinal,none,none,none,1,none,cosine,0.1,100,True,0.0,2.0,1.0,2,4.773972611914,balanced,True,False,538.806787710098,squared_hinge,558,ovo-scikit,l2,0.4729967378722
ordinal,none,none,none,1,none,cosine,0.1,100,True,0.0,2.0,1.0,2,346856.3787201023,none,True,True,5.6928341658066,hinge,239,ovo-scikit,l2,0.0047539477484
ordinal,none,none,none,1,none,cosine,0.1,100,True,0.0,2.0,1.0,2,304426.77717148163,balanced,False,False,39.5371338606071,squared_hinge,8387,ovo-scikit,l2,0.8842568849425
ordinal,none,none,none,1,none,cosine,0.1,100,True,0.0,2.0,1.0,2,0.4359639716198,none,True,False,1.5223948416351,squared_hinge,784,ovr,l2,0.0001683553648
ordinal,none,none,none,1,none,cosine,0.1,100,True,0.0,2.0,1.0,2,8.87545e-08,none,False,False,224.3418128985774,squared_hinge,560,ovr,l2,0.0003391148257
ordinal,none,none,none,1,none,cosine,0.1,100,True,0.0,2.0,1.0,2,11136098510.411835,none,False,True,84.2835366194604,squared_hinge,1379,ovr,l1,0.0005033371809
ordinal,none,none,none,1,none,cosine,0.1,100,True,0.0,2.0,1.0,2,2.5e-11,balanced,False,True,1.1801971315624,squared_hinge,996,ovr,l1,0.0003068879984
ordinal,none,none,none,1,none,cosine,0.1,100,True,0.0,2.0,1.0,2,0.0001229575979,balanced,True,False,51.2422270101406,hinge,1680,ovo-scikit,l2,6.31836067e-05
ordinal,none,none,none,1,none,cosine,0.1,100,True,0.0,2.0,1.0,2,252.1486546412669,balanced,False,True,845.7644908620138,squared_hinge,2127,ovr,l1,0.0002546452625
ordinal,none,none,none,1,none,cosine,0.1,100,True,0.0,2.0,1.0,2,0.0249601047401,none,False,False,224.4197049629362,squared_hinge,3343,ovr,l1,0.0058854175558
ordinal,none,none,none,1,none,cosine,0.1,100,True,0.0,2.0,1.0,2,3.174e-10,balanced,False,True,2.4194925973418,squared_hinge,196,ovr,l2,0.0001632133318
ordinal,none,none,none,1,none,cosine,0.1,100,True,0.0,2.0,1.0,2,0.0194295856704,balanced,True,True,1.0313208221891,squared_hinge,2748,ovr,l2,0.0084419542421
ordinal,none,none,none,1,none,cosine,0.1,100,True,0.0,2.0,1.0,2,24737.67351788911,none,True,False,2.5099794420017,squared_hinge,6717,ovo-scikit,l2,0.0002756015097
ordinal,none,none,none,1,none,cosine,0.1,100,True,0.0,2.0,1.0,2,264.6957380201504,balanced,False,True,7.0857939217124,squared_hinge,2870,ovr,l2,0.0036067252906
ordinal,none,none,none,1,none,cosine,0.1,100,True,0.0,2.0,1.0,2,4.92e-11,none,False,False,896.0467788791938,squared_hinge,163,ovr,l1,0.0258536442727
ordinal,none,none,none,1,none,cosine,0.1,100,True,0.0,2.0,1.0,2,8.7650343585808,none,True,True,1.4115672960164,hinge,420,ovo-scikit,l2,0.0006831913787
ordinal,none,none,none,1,none,cosine,0.1,100,True,0.0,2.0,1.0,2,3128.132950034298,none,True,False,26.933533169933,squared_hinge,3760,ovr,l2,0.2205344214874
ordinal,none,none,none,1,none,cosine,0.1,100,True,0.0,2.0,1.0,2,3.26e-11,none,True,True,597.7848683118578,hinge,110,ovr,l2,0.0315576533889
ordinal,none,none,none,1,none,cosine,0.1,100,True,0.0,2.0,1.0,2,2050846.3676657905,none,False,True,871.8333880866351,squared_hinge,7903,ovo-scikit,l2,0.008588878537
ordinal,none,none,none,1,none,cosine,0.1,100,True,0.0,2.0,1.0,2,94.1779277130332,balanced,False,True,657.2019224130973,squared_hinge,1425,ovo-scikit,l2,0.0001868837581
ordinal,none,none,none,1,none,cosine,0.1,100,True,0.0,2.0,1.0,2,127684.96689741414,none,True,True,51.4197727405713,hinge,155,ovo-scikit,l2,0.0261884178791
ordinal,none,none,none,1,none,cosine,0.1,100,True,0.0,2.0,1.0,2,0.0001011436069,balanced,True,True,1.1464847768618,hinge,996,ovo-scikit,l2,0.0003929308628
ordinal,none,none,none,1,none,cosine,0.1,100,True,0.0,2.0,1.0,2,1.8283e-09,none,True,False,19.2842835403663,hinge,984,ovo-scikit,l2,0.4915311325056
ordinal,none,none,none,1,none,cosine,0.1,100,True,0.0,2.0,1.0,2,124.0953111564702,balanced,False,True,3.5466002599498,squared_hinge,389,ovr,l2,0.0047250615788
ordinal,none,none,none,1,none,cosine,0.1,100,True,0.0,2.0,1.0,2,46.0234753879703,balanced,False,True,1.0558463126576,squared_hinge,949,ovr,l2,0.3823524573243
ordinal,none,none,none,1,none,cosine,0.1,100,True,0.0,2.0,1.0,2,1.81398e-08,balanced,True,True,39.7289458213009,squared_hinge,313,ovr,l2,0.0181993647803
ordinal,none,none,none,1,none,cosine,0.1,100,True,0.0,2.0,1.0,2,0.0274512100155,none,True,True,1.3525354446883,squared_hinge,1825,ovr,l2,0.1849442834687
ordinal,none,none,none,1,none,cosine,0.1,100,True,0.0,2.0,1.0,2,14917831.180437865,none,False,True,139.4729502956382,squared_hinge,3368,ovr,l2,0.0128006053495
ordinal,none,none,none,1,none,cosine,0.1,100,True,0.0,2.0,1.0,2,0.0967296183039,balanced,True,False,1.3488437525202,squared_hinge,231,ovr,l2,0.011594118641
ordinal,none,none,none,1,none,cosine,0.1,100,True,0.0,2.0,1.0,2,1.59395e-08,none,True,False,2.0382266864643,hinge,2640,ovo-scikit,l2,8.94887427e-05
ordinal,none,none,none,1,none,cosine,0.1,100,True,0.0,2.0,1.0,2,466347038.0889241,none,False,False,35.2191541354658,squared_hinge,637,ovo-scikit,l2,0.0105322692922
ordinal,none,none,none,1,none,cosine,0.1,100,True,0.0,2.0,1.0,2,13.5164955965081,none,True,False,885.9032873402674,hinge,1482,ovo-scikit,l2,0.5296445047856
ordinal,none,none,none,1,none,cosine,0.1,100,True,0.0,2.0,1.0,2,1.0805712924051,balanced,True,False,192.734734964311,hinge,1638,ovr,l2,4.8216107e-05
ordinal,none,none,none,1,none,cosine,0.1,100,True,0.0,2.0,1.0,2,6.3098251952885,none,True,False,3.3966433910343,hinge,4112,ovr,l2,0.1641302259817
ordinal,none,none,none,1,none,cosine,0.1,100,True,0.0,2.0,1.0,2,9739.490427620545,balanced,True,True,542.3480037466195,squared_hinge,1005,ovo-scikit,l2,0.0001590654124
ordinal,none,none,none,1,none,cosine,0.1,100,True,0.0,2.0,1.0,2,2.021e-10,none,False,False,75.7308343220886,squared_hinge,136,ovo-scikit,l2,0.0638525478925
ordinal,none,none,none,1,none,cosine,0.1,100,True,0.0,2.0,1.0,2,1.68054718e-05,balanced,False,True,261.10834284363,squared_hinge,9410,ovo-scikit,l2,0.0002228300119
ordinal,none,none,none,1,none,cosine,0.1,100,True,0.0,2.0,1.0,2,1722424.6972265812,none,True,False,7.7031023322847,squared_hinge,796,ovo-scikit,l2,0.2560207887577
ordinal,none,none,none,1,none,cosine,0.1,100,True,0.0,2.0,1.0,2,3946649623.03987,none,False,True,366.2793212022475,squared_hinge,194,ovo-scikit,l2,0.0156800773035
ordinal,none,none,none,1,none,cosine,0.1,100,True,0.0,2.0,1.0,2,2.14383e-07,balanced,True,False,4.1090107506152,hinge,205,ovo-scikit,l2,0.0026565101672
ordinal,none,none,none,1,none,cosine,0.1,100,True,0.0,2.0,1.0,2,1.2305835e-06,none,True,False,17.9365800506448,hinge,189,ovo-scikit,l2,0.0018785892829
ordinal,none,none,none,1,none,cosine,0.1,100,True,0.0,2.0,1.0,2,5.04e-11,none,False,True,1.4085379078837,squared_hinge,9353,ovr,l1,9.62980364e-05
ordinal,none,none,none,1,none,cosine,0.1,100,True,0.0,2.0,1.0,2,2.0831494130362,none,True,True,8.2108982806215,squared_hinge,1012,ovr,l2,6.73127664e-05
ordinal,none,none,none,1,none,cosine,0.1,100,True,0.0,2.0,1.0,2,11952508.919707673,balanced,True,True,21.689020852189,hinge,834,ovr,l2,0.5733968093496
ordinal,none,none,none,1,none,cosine,0.1,100,True,0.0,2.0,1.0,2,0.1099727285205,balanced,True,False,101.0325418336142,squared_hinge,2767,ovr,l2,5.80646171e-05
ordinal,none,none,none,1,none,cosine,0.1,100,True,0.0,2.0,1.0,2,0.0115938159111,balanced,False,True,2.1513433264306,squared_hinge,2243,ovo-scikit,l1,0.0158418614274
ordinal,none,none,none,1,none,cosine,0.1,100,True,0.0,2.0,1.0,2,7e-12,none,True,True,39.2409700352068,squared_hinge,451,ovr,l2,0.1009205582488
ordinal,none,none,none,1,none,cosine,0.1,100,True,0.0,2.0,1.0,2,2788.474967508325,none,False,True,1.7498562978097,squared_hinge,9013,ovo-scikit,l1,0.5880828821442
ordinal,none,none,none,1,none,cosine,0.1,100,True,0.0,2.0,1.0,2,1.071e-10,balanced,False,False,5.555047509054,squared_hinge,2883,ovo-scikit,l2,0.0199616019589
ordinal,none,none,none,1,none,cosine,0.1,100,True,0.0,2.0,1.0,2,0.0049179375587,none,False,False,1.7154459022486,squared_hinge,591,ovr,l1,0.0023634373172
ordinal,none,none,none,1,none,cosine,0.1,100,True,0.0,2.0,1.0,2,26968986900.270367,none,True,False,12.8910731551959,squared_hinge,9993,ovr,l2,0.001653412413
ordinal,none,none,none,1,none,cosine,0.1,100,True,0.0,2.0,1.0,2,63.2022648479933,none,False,True,293.8012664192254,squared_hinge,185,ovo-scikit,l1,5.9089481e-05
ordinal,none,none,none,1,none,cosine,0.1,100,True,0.0,2.0,1.0,2,1.1207e-09,balanced,True,True,3.1338023231191,hinge,1139,ovo-scikit,l2,7.29008848e-05
ordinal,none,none,none,1,none,cosine,0.1,100,True,0.0,2.0,1.0,2,62408.02491993394,none,False,True,74.5145194372284,squared_hinge,1583,ovo-scikit,l2,0.1960164549805
ordinal,none,none,none,1,none,cosine,0.1,100,True,0.0,2.0,1.0,2,1.0252260483235,balanced,False,True,293.8977065305498,squared_hinge,698,ovo-scikit,l1,0.0022621928571
ordinal,none,none,none,1,none,cosine,0.1,100,True,0.0,2.0,1.0,2,0.1150749550583,none,True,True,46.6834836373527,squared_hinge,8283,ovr,l2,0.0007428095229
ordinal,none,none,none,1,none,cosine,0.1,100,True,0.0,2.0,1.0,2,1e-12,balanced,False,True,29.8458255089258,squared_hinge,681,ovo-scikit,l1,0.0005459937712
ordinal,none,none,none,1,none,cosine,0.1,100,True,0.0,2.0,1.0,2,3e-12,none,False,True,6.836808743162,squared_hinge,594,ovo-scikit,l2,0.0112043360717
ordinal,none,none,none,1,none,cosine,0.1,100,True,0.0,2.0,1.0,2,3.65889e-08,none,False,False,40.4326297751602,squared_hinge,157,ovr,l2,0.2930353994695
ordinal,none,none,none,1,none,cosine,0.1,100,True,0.0,2.0,1.0,2,0.0188590531879,none,False,True,109.4016030925106,squared_hinge,4148,ovr,l2,1.9756385333317
ordinal,none,none,none,1,none,cosine,0.1,100,True,0.0,2.0,1.0,2,12298.048457197245,none,True,False,268.2437246887388,hinge,270,ovo-scikit,l2,0.004816644976
ordinal,none,none,none,1,none,cosine,0.1,100,True,0.0,2.0,1.0,2,3.92053e-08,balanced,True,True,120.320914963718,hinge,2950,ovr,l2,0.0155957643963
ordinal,none,none,none,1,none,cosine,0.1,100,True,0.0,2.0,1.0,2,1.14078193e-05,balanced,True,True,472.2902796082414,hinge,864,ovo-scikit,l2,0.5359019893754
ordinal,none,none,none,1,none,cosine,0.1,100,True,0.0,2.0,1.0,2,585.1438467207321,none,True,False,17.5067149641121,hinge,1878,ovo-scikit,l2,0.0819025817701
ordinal,none,none,none,1,none,cosine,0.1,100,True,0.0,2.0,1.0,2,11938546.78540181,balanced,True,False,1.3537134977279,squared_hinge,679,ovr,l2,1.0534534137698
ordinal,none,none,none,1,none,cosine,0.1,100,True,0.0,2.0,1.0,2,187790.40401203817,none,False,True,765.8358263159696,squared_hinge,9073,ovo-scikit,l1,0.0003068153529
ordinal,none,none,none,1,none,cosine,0.1,100,True,0.0,2.0,1.0,2,1.53066e-08,balanced,True,False,2.3075213486699,hinge,133,ovr,l2,0.0001438231426
ordinal,none,none,none,1,none,cosine,0.1,100,True,0.0,2.0,1.0,2,717436.933906262,none,True,False,350.8867787149003,hinge,209,ovo-scikit,l2,1.7316496499259
ordinal,none,none,none,1,none,cosine,0.1,100,True,0.0,2.0,1.0,2,5.79e-10,balanced,True,True,41.8296733669986,squared_hinge,6320,ovr,l2,7.68641316e-05
ordinal,none,none,none,1,none,cosine,0.1,100,True,0.0,2.0,1.0,2,35849.361641006304,balanced,True,True,216.4494199266272,hinge,243,ovr,l2,0.4940207002026
ordinal,none,none,none,1,none,cosine,0.1,100,True,0.0,2.0,1.0,2,4.852e-10,balanced,False,True,94.4914902710108,squared_hinge,422,ovo-scikit,l2,0.0008576608515
ordinal,none,none,none,1,none,cosine,0.1,100,True,0.0,2.0,1.0,2,0.4992212007562,balanced,True,False,34.8182668397221,squared_hinge,1381,ovo-scikit,l2,0.0001426004678
ordinal,none,none,none,1,none,cosine,0.1,100,True,0.0,2.0,1.0,2,0.0188246510941,balanced,False,True,4.1225330127587,squared_hinge,385,ovr,l2,0.6396308293548
ordinal,none,none,none,1,none,cosine,0.1,100,True,0.0,2.0,1.0,2,1695.0303205641005,balanced,True,False,2.7856054240392,hinge,138,ovr,l2,0.0083243424586
ordinal,none,none,none,1,none,cosine,0.1,100,True,0.0,2.0,1.0,2,3.8533102985331,none,True,False,59.1097846640581,squared_hinge,292,ovr,l2,0.0760584958432
ordinal,none,none,none,1,none,cosine,0.1,100,True,0.0,2.0,1.0,2,1191.5089842107614,none,True,True,1.1129808066212,hinge,435,ovr,l2,1.0755887777169
ordinal,none,none,none,1,none,cosine,0.1,100,True,0.0,2.0,1.0,2,139458.49594984984,none,False,True,374.280826719374,squared_hinge,126,ovr,l1,0.0008349084256
ordinal,none,none,none,1,none,cosine,0.1,100,True,0.0,2.0,1.0,2,1.7673510064359,balanced,False,False,149.9990354508604,squared_hinge,202,ovo-scikit,l1,0.1905136120708
ordinal,none,none,none,1,none,cosine,0.1,100,True,0.0,2.0,1.0,2,6.1873347e-06,none,False,False,729.0102473982976,squared_hinge,4518,ovr,l1,0.261755248246
ordinal,none,none,none,1,none,cosine,0.1,100,True,0.0,2.0,1.0,2,6.38856597e-05,none,False,True,182.260751191363,squared_hinge,1098,ovr,l2,0.0346461212722
ordinal,none,none,none,1,none,cosine,0.1,100,True,0.0,2.0,1.0,2,0.716562588978,none,False,True,37.0718128802795,squared_hinge,277,ovr,l2,0.2670803692194
ordinal,none,none,none,1,none,cosine,0.1,100,True,0.0,2.0,1.0,2,2.3e-12,none,True,False,9.3267087992096,squared_hinge,3321,ovo-scikit,l2,0.0283669942425
ordinal,none,none,none,1,none,cosine,0.1,100,True,0.0,2.0,1.0,2,9.199e-10,none,False,False,15.6871389605603,squared_hinge,4813,ovo-scikit,l2,0.6193368873811
ordinal,none,none,none,1,none,cosine,0.1,100,True,0.0,2.0,1.0,2,0.004966865813,balanced,False,True,24.0385486719274,squared_hinge,161,ovr,l1,0.0013577048976
ordinal,none,none,none,1,none,cosine,0.1,100,True,0.0,2.0,1.0,2,1.37e-11,none,False,False,28.6258422949974,squared_hinge,655,ovo-scikit,l2,0.0009867679568
ordinal,none,none,none,1,none,cosine,0.1,100,True,0.0,2.0,1.0,2,1.1e-12,none,True,True,4.8162232281547,squared_hinge,633,ovo-scikit,l2,0.0158215570433
ordinal,none,none,none,1,none,cosine,0.1,100,True,0.0,2.0,1.0,2,0.0004373684212,none,False,False,43.2427562588517,squared_hinge,131,ovo-scikit,l2,0.3788600862184
ordinal,none,none,none,1,none,cosine,0.1,100,True,0.0,2.0,1.0,2,116657.77085681849,none,False,True,86.1077287977599,squared_hinge,657,ovo-scikit,l2,0.0006398958112
ordinal,none,none,none,1,none,cosine,0.1,100,True,0.0,2.0,1.0,2,30.7707211732079,balanced,True,False,558.4924009015606,squared_hinge,366,ovr,l2,0.00766464012
ordinal,none,none,none,1,none,cosine,0.1,100,True,0.0,2.0,1.0,2,58014.69458366231,balanced,False,True,153.1366375155939,squared_hinge,5335,ovr,l2,1.3379869862514
ordinal,none,none,none,1,none,cosine,0.1,100,True,0.0,2.0,1.0,2,1.586e-10,balanced,False,True,25.9927486047428,squared_hinge,206,ovr,l1,0.0582650229279
ordinal,none,none,none,1,none,cosine,0.1,100,True,0.0,2.0,1.0,2,1.72e-11,balanced,True,True,3.6630021878777,squared_hinge,120,ovr,l2,0.0028928273683
ordinal,none,none,none,1,none,cosine,0.1,100,True,0.0,2.0,1.0,2,1.00222e-07,balanced,False,False,11.2735879165256,squared_hinge,637,ovo-scikit,l2,0.0631183105545
ordinal,none,none,none,1,none,cosine,0.1,100,True,0.0,2.0,1.0,2,1.29366779992,balanced,True,False,244.7936352784258,hinge,762,ovo-scikit,l2,0.0735484569412
ordinal,none,none,none,1,none,cosine,0.1,100,True,0.0,2.0,1.0,2,102734.38194470081,balanced,True,True,18.5135819531213,squared_hinge,324,ovr,l2,0.0048326395078
ordinal,none,none,none,1,none,cosine,0.1,100,True,0.0,2.0,1.0,2,0.0003318882888,balanced,False,False,17.5873510509317,squared_hinge,4412,ovo-scikit,l2,0.0007660074471
ordinal,none,none,none,1,none,cosine,0.1,100,True,0.0,2.0,1.0,2,2.55e-11,none,True,True,7.4831299222461,squared_hinge,180,ovo-scikit,l2,0.0001251201423
ordinal,none,none,none,1,none,cosine,0.1,100,True,0.0,2.0,1.0,2,3.04352e-06,none,True,False,13.6648973571352,squared_hinge,4023,ovo-scikit,l2,0.000881252186
ordinal,none,none,none,1,none,cosine,0.1,100,True,0.0,2.0,1.0,2,44700843391.80947,balanced,True,True,13.6649177944934,squared_hinge,144,ovo-scikit,l2,0.004857195794
ordinal,none,none,none,1,none,cosine,0.1,100,True,0.0,2.0,1.0,2,0.0008246018829,balanced,True,True,19.1517741152216,squared_hinge,238,ovo-scikit,l2,0.0229865894071
ordinal,none,none,none,1,none,cosine,0.1,100,True,0.0,2.0,1.0,2,0.0012933406754,balanced,False,True,299.7732718113022,squared_hinge,9101,ovr,l2,0.0528100057005
ordinal,none,none,none,1,none,cosine,0.1,100,True,0.0,2.0,1.0,2,186340.93121989068,none,False,False,891.2535653110187,squared_hinge,1271,ovr,l2,7.34343566e-05
ordinal,none,none,none,1,none,cosine,0.1,100,True,0.0,2.0,1.0,2,7.9e-12,balanced,True,False,4.5890138367935,hinge,3802,ovo-scikit,l2,6.4284321e-05
ordinal,none,none,none,1,none,cosine,0.1,100,True,0.0,2.0,1.0,2,318076.8748106606,none,True,True,392.4114844148534,squared_hinge,2265,ovo-scikit,l2,0.0040615185081
ordinal,agglomerator,none,minmax,,none,,0.4161280291634,,,,,,,6.7207136e-06,none,True,False,20.1667186533182,hinge,2438,ovr,l2,0.0068734109894
onehot,pca,none,none,,none,,,,,,,,,39.6063321865598,none,False,True,339.7811086533389,squared_hinge,250,ovo-scikit,l1,1.3798085975452
onehot,ka_nystroem,selectp,minmax,252,none,poly,,74,,80.7797135962429,4.0,0.0003368028403,,0.0583711904343,balanced,True,False,10.6409691509888,hinge,1908,ovr,l2,0.0046546741107
none,agglomerator,none,none,,none,,0.633122187354,,,,,,,1139.5157367712459,none,False,True,371.7821516627334,squared_hinge,2934,ovo-scikit,l1,0.0001140805728
onehot,agglomerator,none,std,,none,,0.4407903999286,,False,,,,,5.52398e-08,balanced,True,True,223.9370939335931,squared_hinge,250,ovr,l2,0.1443065994088
ordinal,pca,none,minmax,,none,,,,,,,,,0.4039875858569,balanced,True,False,733.8358220419702,squared_hinge,972,ovo-scikit,l2,0.0512432182704
none,kernel_pca,none,std,,none,sigmoid,0.554919969294,,False,73.1097930887799,3.0,288.580224543456,,28667298.596933875,none,False,True,1.3926123576316,squared_hinge,2056,ovo-scikit,l1,0.0005392136767
ordinal,ka_rbf,none,minmax,916,none,,,,,,,3774.3983775912902,,1042.3394744556401,balanced,True,False,817.6451478897046,squared_hinge,1353,ovr,l2,0.0059728487022
onehot,none,none,none,,none,,,,,,,,,1094756.8013297422,balanced,False,False,4.9457582415984,squared_hinge,4136,ovo-scikit,l2,0.0002181874638
onehot,ka_rbf,selectp,std,265,none,,,39,False,,,13.9649997801595,,2.0966382e-06,none,True,True,3.4992983843928,squared_hinge,3373,ovo-scikit,l2,0.0003115687822
ordinal,agglomerator,selectp,std,,poly,,0.4178332804925,23,False,,,,2,1.73576e-08,balanced,True,False,24.1017494041302,hinge,2676,ovo-scikit,l2,0.0040112321057
onehot,ka_nystroem,selectp,minmax,146,none,rbf,,85,,,,212866.39495117904,,5.289432e-07,balanced,True,False,59.9620667814186,hinge,572,ovr,l2,8.94201671e-05
onehot,lda,selectp,std,,poly,,0.8833847684779,45,False,,,,2,282.5208440697744,balanced,False,False,84.6896383443041,squared_hinge,1295,ovo-scikit,l2,0.0272490015934
ordinal,fastica,none,minmax,,poly,,0.4787377759403,,,,,,2,6.8441e-09,none,True,False,102.0609992021968,squared_hinge,2535,ovr,l2,0.0007408649888
onehot,ka_nystroem,selectp,std,294,none,cosine,,40,True,,,,,1.319e-09,none,True,False,16.306014993194,hinge,327,ovo-scikit,l2,0.0011054959158
onehot,lda,none,minmax,,poly,,0.0612253326473,,,,,,2,595320000.8504146,none,False,False,66.7125198836245,squared_hinge,969,ovr,l2,0.0001285990427
none,ka_rbf,selectp,none,991,none,,,45,,,,1.1790178e-06,,4.3e-12,balanced,False,True,40.4976678716479,squared_hinge,500,ovo-scikit,l2,0.3243137363212
ordinal,pca,selectp,minmax,,none,,,94,,,,,,0.0031680710381,none,True,False,1.7815886537263,hinge,123,ovo-scikit,l2,0.0079091851373
none,ka_nystroem,selectp,std,185,none,poly,,49,False,26.4643004885909,3.0,0.2502506577333,,13786.380123501443,none,False,True,1.6570449291605,squared_hinge,716,ovo-scikit,l2,0.000490965395
onehot,none,selectp,std,,poly,,,19,True,,,,2,63438752.376697674,balanced,True,False,22.8647630804491,hinge,136,ovr,l2,0.0584278453301
none,kernel_pca,none,none,,none,poly,0.1900369219458,,,2.4896201043994,5.0,0.0027332756822,,0.0283996098638,none,True,True,637.1837430483083,hinge,7230,ovr,l2,0.4999829026636
ordinal,fastica,none,std,,poly,,0.8560003655944,,False,,,,2,2.89e-11,balanced,True,False,39.8787597111782,squared_hinge,797,ovo-scikit,l2,7.78798443e-05
none,ka_rbf,selectp,none,892,none,,,6,,,,2437.6469295232614,,7.4e-12,none,True,True,9.8628869426385,squared_hinge,1877,ovr,l2,0.0011145970162
none,agglomerator,none,minmax,,poly,,0.3726854253627,,,,,,2,0.0193450271038,balanced,True,False,934.7092818289339,hinge,450,ovr,l2,0.0010244673964
ordinal,kernel_pca,selectp,minmax,,none,sigmoid,0.836409759973,34,,97.8686488401711,3.0,11877.979086553723,,70625248720.2507,none,False,False,16.5336115469241,squared_hinge,4928,ovr,l2,1.7405093600105
none,none,none,none,,none,,,,,,,,,2.8589453781617,none,False,True,14.9880125011834,squared_hinge,1912,ovr,l1,0.1015035976104
none,fastica,selectp,minmax,,none,,0.8846858877633,61,,,,,,6887.234091922343,balanced,False,True,195.5310915608849,squared_hinge,6037,ovr,l1,0.0001225544904
onehot,ka_rbf,selectp,none,637,none,,,94,,,,0.0008605580042,,0.618661429691,balanced,True,False,1.402173715647,squared_hinge,2476,ovr,l2,0.0364488204415
onehot,kernel_pca,selectp,minmax,,none,sigmoid,0.5200186873253,42,,62.4524653550146,5.0,53.2476241554599,,6.4891109659101,balanced,True,False,1.6992278773879,squared_hinge,765,ovo-scikit,l2,0.000176690704
onehot,pca,selectp,none,,none,,,18,,,,,,811011.8746530454,balanced,True,False,59.0164900184522,squared_hinge,3742,ovr,l2,0.0299365055155
onehot,ka_rbf,none,none,32,none,,,,,,,102.3458530658955,,0.1463420583452,none,False,True,300.647933350024,squared_hinge,5298,ovr,l1,0.0104050588808
ordinal,pca,selectp,none,,none,,,75,,,,,,5.9e-12,none,True,True,3.1624886658021,squared_hinge,508,ovr,l2,0.0001181596333
ordinal,ka_nystroem,selectp,std,784,none,rbf,,50,True,,,172.9307550277521,,11958.296493017573,balanced,False,False,189.7585604410198,squared_hinge,959,ovo-scikit,l2,0.0464164928908
ordinal,fastica,selectp,minmax,,poly,,0.3317500447253,80,,,,,2,152659343428.15353,balanced,False,False,106.4008423825607,squared_hinge,100,ovr,l2,0.0427883154038
ordinal,pca,none,none,,none,,,,,,,,,1.2e-12,none,False,True,994.0952951243175,squared_hinge,6029,ovr,l1,7.61625417e-05
onehot,none,none,minmax,,poly,,,,,,,,2,0.1070409349608,none,True,True,35.2635271889877,hinge,1430,ovo-scikit,l2,0.0542653116349
onehot,ka_nystroem,selectp,minmax,654,none,cosine,,53,,,,,,4.18235e-08,balanced,True,True,124.7372404578963,squared_hinge,6882,ovo-scikit,l2,0.0165030817268
onehot,fastica,none,minmax,,poly,,0.6506534228839,,,,,,2,3792673.7737529073,balanced,False,True,188.4947595217683,squared_hinge,9920,ovr,l1,0.0038146769834
ordinal,lda,none,none,,none,,0.2743671380509,,,,,,,4.6793e-09,none,False,True,4.8596924767845,squared_hinge,3040,ovo-scikit,l2,0.3385189232784
onehot,fastica,none,none,,poly,,0.2654810386509,,,,,,2,903045601.9203383,balanced,False,True,4.510692560597,squared_hinge,463,ovo-scikit,l1,0.0010038619961
none,fastica,none,std,,poly,,0.4214669253887,,True,,,,2,1.8001151e-06,none,False,True,1.1631283884437,squared_hinge,4712,ovr,l1,0.0022319521893
none,ka_nystroem,none,minmax,807,none,cosine,,,,,,,,66087589791.31976,none,True,False,188.5754222188472,squared_hinge,1702,ovo-scikit,l2,0.0058943647887
ordinal,kernel_pca,selectp,minmax,,none,rbf,0.6807165546953,77,,,,1867.7047701094036,,3.466e-10,balanced,False,False,188.7011673783191,squared_hinge,1688,ovr,l2,0.0005930105779
onehot,agglomerator,none,minmax,,none,,0.6597351010202,,,,,,,2001024.183616336,none,False,False,1.1949234507765,squared_hinge,1698,ovo-scikit,l2,1.4998603515389
none,none,none,none,,poly,,,,,,,,2,4.498e-10,none,False,True,237.6382554361387,squared_hinge,1020,ovo-scikit,l2,0.7245157229733
ordinal,pca,selectp,none,,none,,,99,,,,,,86.0196107323467,balanced,True,True,364.4532161584818,squared_hinge,194,ovo-scikit,l2,0.00081792531
ordinal,ka_nystroem,selectp,minmax,281,none,sigmoid,,16,,39.6022515720919,5.0,0.0021042695142,,1.8e-12,balanced,True,True,12.0942954466945,hinge,333,ovr,l2,0.0013941869501
ordinal,kernel_pca,none,std,,none,cosine,0.8375005783216,,True,,,,,7783757930.389854,none,True,False,6.9266793029164,squared_hinge,2040,ovr,l2,0.098931004542
none,agglomerator,none,none,,none,,0.3141460003496,,,,,,,1.6499665997115,balanced,True,False,636.0143926083517,squared_hinge,273,ovr,l2,0.0001387644378
none,ka_rbf,selectp,std,460,none,,,12,True,,,28348.49486147045,,18182867889.021988,none,False,True,4.9901045684393,squared_hinge,277,ovr,l2,0.2983449522126
ordinal,none,selectp,minmax,,poly,,,57,,,,,2,0.1184002674775,balanced,True,True,1.8484185307833,hinge,196,ovo-scikit,l2,0.0914029693016
none,pca,selectp,std,,none,,,80,False,,,,,7.4675665e-06,balanced,True,True,1.2632727881916,squared_hinge,227,ovo-scikit,l2,0.0004800151212
none,fastica,none,none,,none,,0.8035624471206,,,,,,,0.0003391122924,balanced,True,True,25.7699545125375,hinge,1407,ovr,l2,0.3296485686649
onehot,kernel_pca,selectp,std,,none,cosine,0.2682704635562,99,True,,,,,1.9874461e-06,none,True,False,187.1059756470231,hinge,3665,ovo-scikit,l2,0.0220913046207
ordinal,lda,none,minmax,,poly,,0.4515885401224,,,,,,2,2.4385317e-06,balanced,True,True,235.0124326587078,hinge,873,ovo-scikit,l2,0.0008134099052
onehot,pca,none,none,,none,,,,,,,,,5.5e-12,none,True,False,2.2746474690446,hinge,601,ovo-scikit,l2,0.0001971854407
none,agglomerator,none,none,,poly,,0.9435625171889,,,,,,2,0.004326445806,balanced,True,False,1.0528320569095,hinge,884,ovr,l2,0.0604725297912
none,agglomerator,none,none,,poly,,0.6231389229042,,,,,,2,1.332595e-07,balanced,True,False,22.6622408368168,squared_hinge,1517,ovr,l2,0.8863634739638
ordinal,ka_rbf,selectp,std,16,none,,,62,True,,,0.0118606219903,,0.0005529758201,balanced,True,True,31.1338237407951,hinge,2901,ovr,l2,5.14279141e-05
onehot,fastica,none,minmax,,none,,0.082095187747,,,,,,,4.6311724006985,balanced,False,False,20.0259510758588,squared_hinge,8850,ovo-scikit,l1,0.0012140466075
none,ka_nystroem,selectp,minmax,120,none,cosine,,9,,,,,,2.3084e-09,balanced,False,True,3.0877706314279,squared_hinge,3470,ovr,l1,0.5219415502075
none,agglomerator,selectp,minmax,,poly,,0.9345943769623,3,,,,,2,101525787.29903065,balanced,False,True,34.0910656584173,squared_hinge,6811,ovo-scikit,l1,0.3439855341694
onehot,ka_nystroem,selectp,none,735,none,cosine,,81,,,,,,0.1125872448836,balanced,True,True,1.4330373265696,hinge,417,ovo-scikit,l2,0.0016489997096
none,ka_rbf,selectp,std,317,none,,,20,False,,,23704.919360391836,,3787390990.8780165,none,False,True,808.3518535232035,squared_hinge,560,ovo-scikit,l1,1.7674895291797
ordinal,kernel_pca,none,minmax,,none,cosine,0.1666897671883,,,,,,,895949536.1469939,none,True,True,18.4061868228909,hinge,130,ovr,l2,1.1331415119325
onehot,pca,selectp,std,,none,,,22,False,,,,,4.0661e-09,balanced,True,True,317.2216238512898,squared_hinge,130,ovo-scikit,l2,0.0919659652939
ordinal,lda,none,none,,none,,0.9640558255803,,,,,,,2.30404663e-05,none,True,True,7.2674316142658,squared_hinge,270,ovo-scikit,l2,0.0005355522301
none,ka_rbf,selectp,none,416,none,,,96,,,,1.0105317128025,,76309979835.67354,none,False,True,64.8647034419941,squared_hinge,283,ovo-scikit,l1,0.0074256629725
none,ka_rbf,selectp,none,271,none,,,71,,,,0.2368333842184,,375852584446.0451,none,True,False,9.6664970393007,hinge,417,ovo-scikit,l2,0.6718710738888
ordinal,fastica,selectp,none,,poly,,0.687202494945,33,,,,,2,0.0005665752762,balanced,True,True,161.8696037116887,squared_hinge,972,ovo-scikit,l2,0.0035527261146
onehot,agglomerator,none,std,,poly,,0.9245347225648,,True,,,,2,1718351715.794683,none,True,False,2.0765862286504,hinge,640,ovr,l2,0.0020543445634
onehot,ka_nystroem,selectp,none,982,none,poly,,29,,54.5394940546551,4.0,1.6527091504878,,2.42728431e-05,none,False,False,36.6825777957264,squared_hinge,4704,ovo-scikit,l1,0.0007002813549
ordinal,ka_rbf,none,minmax,834,none,,,,,,,0.8915789158954,,863.6182387527845,none,True,False,7.9724082947117,squared_hinge,181,ovr,l2,0.0046150456029
none,pca,none,minmax,,none,,,,,,,,,5.04e-11,balanced,False,True,32.2513424691111,squared_hinge,411,ovr,l1,7.35585145e-05
ordinal,fastica,none,minmax,,poly,,0.1645197112797,,,,,,2,5.99321975e-05,balanced,False,True,312.8709374204094,squared_hinge,223,ovo-scikit,l2,0.1662144606398
none,pca,none,minmax,,none,,,,,,,,,2.23e-11,none,False,True,50.8452928797223,squared_hinge,2748,ovo-scikit,l1,0.1758713426946
ordinal,kernel_pca,none,none,,none,cosine,0.8405176696495,,,,,,,46655574598.11646,balanced,False,False,2.2602435412215,squared_hinge,4406,ovo-scikit,l1,0.116008919197
ordinal,fastica,none,minmax,,none,,0.9901194274538,,,,,,,0.0245920650748,balanced,True,True,1.3729362439859,squared_hinge,6037,ovo-scikit,l2,1.0912533829189
ordinal,fastica,none,std,,poly,,0.7712081966023,,False,,,,2,5.72e-11,none,False,True,1.5657224014031,squared_hinge,4211,ovr,l2,0.0180196226646
none,pca,selectp,minmax,,none,,,16,,,,,,127.5449477744148,balanced,False,False,1.3221491477579,squared_hinge,153,ovo-scikit,l2,0.0073312158194
none,lda,none,minmax,,none,,0.385504709769,,,,,,,149578.40175689943,none,False,False,1.4140083003804,squared_hinge,224,ovo-scikit,l1,0.1445789763294
onehot,agglomerator,selectp,none,,none,,0.9009149099304,42,,,,,,2.948e-10,balanced,True,True,2.1224060543084,squared_hinge,8295,ovo-scikit,l2,0.0156593183764
ordinal,lda,selectp,minmax,,poly,,0.4109828474223,68,,,,,2,0.0018394648184,none,False,False,6.7224993046105,squared_hinge,353,ovo-scikit,l2,0.940008832646
none,lda,selectp,std,,none,,0.7963135751088,46,False,,,,,1.82528e-08,none,True,False,14.6330857174972,squared_hinge,172,ovo-scikit,l2,0.0002361754444
onehot,kernel_pca,selectp,none,,none,poly,0.143203585188,100,,37.6780229545127,2.0,0.0006218482285,,895376448.9347415,none,False,False,271.3266316253113,squared_hinge,4007,ovr,l1,0.3031719030636
onehot,agglomerator,selectp,none,,none,,0.8394068069302,42,,,,,,87725908790.19841,none,False,True,34.3734459243785,squared_hinge,989,ovo-scikit,l2,0.0001817085635
onehot,kernel_pca,none,std,,none,rbf,0.0287338634547,,True,,,0.0256226766318,,5.9085e-09,balanced,True,False,24.5555719944811,squared_hinge,6777,ovr,l2,0.1759190804299
none,ka_rbf,none,std,862,none,,,,True,,,2.1677306e-06,,44.1470329560122,balanced,False,False,780.4562950124987,squared_hinge,8613,ovo-scikit,l1,0.0009100815971
none,fastica,none,std,,poly,,0.0901085396345,,False,,,,2,87732.37095608014,balanced,False,True,543.5590859886903,squared_hinge,107,ovr,l2,0.4839970340983
ordinal,kernel_pca,none,minmax,,none,rbf,0.7111792005156,,,,,0.0171650190014,,7885.641660440955,balanced,True,True,2.1744658946437,hinge,105,ovo-scikit,l2,0.3548983576547
onehot,ka_rbf,selectp,std,37,none,,,80,False,,,6.9085511e-06,,3375.154836759581,balanced,True,False,25.3842903794626,hinge,460,ovo-scikit,l2,0.012948738696
none,ka_nystroem,none,std,456,none,cosine,,,True,,,,,1.164525e-06,balanced,False,True,157.1741430845425,squared_hinge,459,ovr,l1,0.3698412822357
ordinal,ka_nystroem,selectp,std,79,none,rbf,,5,True,,,2.63097318e-05,,896395.7361312764,none,False,False,199.1433496242779,squared_hinge,7303,ovr,l1,0.0002182939053
ordinal,kernel_pca,selectp,minmax,,none,sigmoid,0.942127633451,34,,84.3857171532536,2.0,5.1758242e-06,,0.0004759536335,balanced,True,True,27.6176608253503,hinge,139,ovo-scikit,l2,0.2510209828999
none,lda,selectp,none,,poly,,0.2090586819185,88,,,,,2,3.290341e-07,balanced,True,False,29.0446865931077,squared_hinge,134,ovo-scikit,l2,0.0029985426756
ordinal,lda,selectp,minmax,,poly,,0.093456854095,44,,,,,2,1.6448e-09,balanced,False,True,40.0497870367607,squared_hinge,217,ovr,l2,0.1263987558342
none,ka_nystroem,selectp,none,104,none,cosine,,53,,,,,,160005456.21272027,none,True,False,434.2046099389098,squared_hinge,3494,ovo-scikit,l2,0.4033450379504
ordinal,pca,selectp,std,,none,,,80,False,,,,,1.1663214293444,none,True,False,32.3903899306996,squared_hinge,1078,ovo-scikit,l2,0.0024119071565
onehot,fastica,none,none,,poly,,0.0405328712653,,,,,,2,0.0017655157524,balanced,True,False,398.6605789858548,hinge,1816,ovr,l2,0.0753637400976
ordinal,ka_rbf,none,none,690,none,,,,,,,19.582676597476,,11243304512.262735,balanced,True,False,58.2942266713526,squared_hinge,1752,ovo-scikit,l2,0.0026217629263
ordinal,fastica,none,none,,poly,,0.6620633918551,,,,,,2,1719.9001066004478,none,False,False,584.8109691010995,squared_hinge,268,ovo-scikit,l1,6.5862114e-05
none,ka_rbf,none,std,299,none,,,,True,,,13322.06790157699,,172700698199.4947,balanced,False,False,6.6818407085959,squared_hinge,1294,ovo-scikit,l1,0.0078733801983
ordinal,none,selectp,std,,poly,,,88,False,,,,2,1.418242e-07,none,True,False,14.8872874741572,squared_hinge,396,ovr,l2,0.0027035671006
onehot,ka_nystroem,none,std,332,none,rbf,,,False,,,3.3217496e-06,,1.5849e-09,none,False,False,58.768811538285,squared_hinge,267,ovo-scikit,l2,1.7064740547968
ordinal,ka_rbf,selectp,std,679,none,,,13,False,,,15.2603648535254,,39474.995809785956,balanced,False,True,174.1335544826207,squared_hinge,9429,ovo-scikit,l2,0.0724362938364
none,pca,none,none,,none,,,,,,,,,7339.66572631343,none,False,True,1.0157634800007,squared_hinge,1365,ovr,l2,0.000880120292
none,ka_nystroem,none,minmax,197,none,rbf,,,,,,0.0593311000413,,6.206541e-07,none,False,True,31.3587869474009,squared_hinge,851,ovr,l2,0.0057813348448
onehot,fastica,none,minmax,,poly,,0.9102060674288,,,,,,2,17994773786.4093,none,False,False,3.432397180569,squared_hinge,3139,ovo-scikit,l2,0.000207822531
none,lda,none,minmax,,none,,0.7240010889634,,,,,,,14649.884184094764,balanced,True,False,317.9763118681438,hinge,489,ovo-scikit,l2,9.43299382e-05
none,pca,none,std,,none,,,,True,,,,,1346469.8735346762,none,False,True,725.6124260940792,squared_hinge,480,ovo-scikit,l1,0.0003287172702
onehot,kernel_pca,selectp,minmax,,none,cosine,0.5595635434297,97,,,,,,18996255507.471554,none,False,False,2.9596209990882,squared_hinge,2080,ovr,l2,0.0001939410009
none,ka_rbf,selectp,std,665,none,,,33,True,,,7463.392260702992,,160215089.94745114,none,True,False,304.0143828710576,squared_hinge,2084,ovo-scikit,l2,0.0144574089358
ordinal,lda,none,none,,poly,,0.2840294347792,,,,,,2,0.0003704956695,none,True,True,30.8939471661842,squared_hinge,6417,ovo-scikit,l2,0.0004258273767
onehot,fastica,none,none,,none,,0.3636341531163,,,,,,,50.3907804296306,none,True,True,2.3925683015071,hinge,452,ovo-scikit,l2,0.2783598018447
ordinal,pca,selectp,none,,none,,,85,,,,,,874.055606832217,balanced,False,False,4.4663915802626,squared_hinge,5076,ovo-scikit,l1,0.2415220533213
none,pca,none,minmax,,none,,,,,,,,,25518531948.088093,none,True,False,611.1279555793469,squared_hinge,471,ovo-scikit,l2,0.0583774720792
ordinal,pca,none,std,,none,,,,True,,,,,25250915284.473583,balanced,False,False,153.3905688521325,squared_hinge,323,ovr,l1,0.0001898891688
none,pca,none,std,,none,,,,False,,,,,195445542564.45053,none,False,True,2.1642804839659,squared_hinge,866,ovo-scikit,l1,0.0150045414557
ordinal,lda,selectp,std,,poly,,0.9363158797681,5,False,,,,2,174627829.37869325,none,False,False,275.7797895541418,squared_hinge,6363,ovo-scikit,l2,0.0039691192919
onehot,ka_nystroem,none,minmax,915,none,cosine,,,,,,,,221961.07737023677,none,True,False,2.6517981297192,squared_hinge,3340,ovr,l2,6.9349704e-05
none,none,selectp,minmax,,none,,,4,,,,,,0.0136868929152,balanced,True,False,2.8145657468897,hinge,199,ovr,l2,0.004584396276
none,agglomerator,none,std,,none,,0.5170631063897,,True,,,,,73.2760883958986,none,False,True,314.555554137353,squared_hinge,1755,ovo-scikit,l1,0.0279714204681
ordinal,ka_nystroem,selectp,std,316,none,rbf,,53,True,,,5.7584803e-06,,0.0007331118707,balanced,False,True,5.4294081210796,squared_hinge,1366,ovo-scikit,l2,5.66675529e-05
none,ka_nystroem,none,minmax,3,none,rbf,,,,,,547.531770446358,,1.8396637232192,balanced,False,False,97.6911419632042,squared_hinge,1128,ovr,l2,0.1738645588142
onehot,ka_nystroem,selectp,minmax,542,none,poly,,75,,5.959885891315,4.0,0.5930888699188,,0.059847403188,none,True,True,219.0042285908329,squared_hinge,1811,ovr,l2,0.0003227634236
onehot,none,none,minmax,,poly,,,,,,,,2,4.66025971e-05,none,True,False,705.8569726244758,hinge,4278,ovr,l2,0.0001181216937
onehot,kernel_pca,selectp,none,,none,rbf,0.3805730123885,20,,,,83.3635556806567,,83243764647.14003,none,False,False,107.260419319009,squared_hinge,316,ovr,l2,0.0200705249743
onehot,lda,none,none,,poly,,0.744836595451,,,,,,2,226.8391959301375,none,True,True,10.4008339033408,squared_hinge,115,ovr,l2,0.0029146857867
onehot,none,selectp,minmax,,poly,,,94,,,,,2,4623879772.616599,balanced,False,True,4.4980220694378,squared_hinge,140,ovo-scikit,l2,0.0216908781815
none,ka_nystroem,none,none,65,none,cosine,,,,,,,,5013363948.89242,balanced,True,False,10.4000284505928,squared_hinge,5235,ovr,l2,0.1255773157388
onehot,kernel_pca,selectp,std,,none,sigmoid,0.2713649799143,87,True,10.74573556156,3.0,0.3413418488622,,132954.3528278341,none,True,False,1.8556157026814,squared_hinge,1049,ovo-scikit,l2,0.0004216585714
onehot,ka_nystroem,selectp,none,127,none,rbf,,42,,,,0.0425285585825,,1.1119152e-06,balanced,True,False,435.6728164192372,hinge,8495,ovr,l2,0.0001960446328
none,ka_rbf,selectp,minmax,297,none,,,2,,,,0.0001971322556,,132.3187138449775,balanced,False,False,1.3945679096343,squared_hinge,1079,ovr,l2,0.011188023917
onehot,kernel_pca,selectp,minmax,,none,cosine,0.1926902037648,17,,,,,,2291623749.233591,balanced,False,False,15.0365831662461,squared_hinge,225,ovr,l2,0.0650550168725
onehot,fastica,selectp,std,,none,,0.6164468966713,79,False,,,,,7.1137168340741,balanced,True,True,3.9726616076233,hinge,3249,ovo-scikit,l2,0.0114426393028
none,none,selectp,minmax,,none,,,80,,,,,,1.56136943e-05,balanced,True,True,289.2793077544948,squared_hinge,5003,ovr,l2,0.3291953795188
onehot,agglomerator,none,none,,none,,0.2399388026683,,,,,,,4.719152e-07,none,True,True,7.9953817383809,hinge,120,ovo-scikit,l2,0.0055579211383
none,kernel_pca,none,minmax,,none,cosine,0.388843057813,,,,,,,1727232846.7734396,balanced,False,False,9.4266817956887,squared_hinge,120,ovo-scikit,l1,0.000199542671
onehot,ka_rbf,none,std,363,none,,,,True,,,328.1550331620644,,8.806e-10,balanced,True,False,14.9812137673217,hinge,2616,ovr,l2,0.0014348845315
none,ka_rbf,selectp,std,417,none,,,56,False,,,1.59153399e-05,,5.7650405e-06,balanced,True,True,146.2893311573668,squared_hinge,1536,ovo-scikit,l2,0.0003923569344
ordinal,ka_rbf,selectp,std,531,none,,,45,False,,,728.840370088469,,0.0003515268397,balanced,True,True,881.8009424066482,squared_hinge,1171,ovr,l2,0.0002060053658
none,agglomerator,selectp,none,,none,,0.651149874932,39,,,,,,6e-12,balanced,False,True,6.4504944365567,squared_hinge,105,ovo-scikit,l1,0.0082853333227
onehot,ka_nystroem,none,minmax,572,none,sigmoid,,,,27.3711738536101,5.0,0.000726516567,,44638144.077901065,none,False,True,271.5747506763118,squared_hinge,881,ovo-scikit,l1,0.2368943096689
ordinal,ka_rbf,none,minmax,641,none,,,,,,,6.4712066499339,,1.9e-11,none,True,True,79.4554114224373,squared_hinge,1490,ovo-scikit,l2,0.0583589558891
onehot,ka_rbf,none,none,479,none,,,,,,,0.0002401439534,,2.3e-10,none,True,True,6.2016875246359,hinge,473,ovo-scikit,l2,0.1298896780979
onehot,agglomerator,selectp,none,,none,,0.7564904231218,39,,,,,,5.7182409950326,balanced,False,False,63.9160080259715,squared_hinge,505,ovr,l1,0.010730156384
none,ka_rbf,none,none,135,none,,,,,,,0.5191003246995,,0.4824684145159,balanced,True,True,431.8983341740914,squared_hinge,5626,ovo-scikit,l2,0.1689481134215
ordinal,fastica,none,std,,poly,,0.1794904659724,,True,,,,2,0.314787689395,balanced,True,True,3.3313485576379,hinge,5803,ovr,l2,0.6398299235065
none,lda,selectp,minmax,,poly,,0.6000288223629,18,,,,,2,3.6e-12,none,False,False,8.8233903040817,squared_hinge,452,ovr,l2,1.3596117282318
none,ka_nystroem,none,std,416,none,poly,,,False,3.6931363579904,2.0,83756.26767649374,,0.9928276154588,none,False,False,21.7083900325589,squared_hinge,239,ovr,l2,0.0083870942359
ordinal,agglomerator,selectp,minmax,,none,,0.9953474933712,54,,,,,,9.34e-11,none,False,False,2.9433442319589,squared_hinge,160,ovr,l1,0.4744462742792
none,ka_nystroem,selectp,none,317,none,poly,,92,,21.9152356943018,2.0,0.0228933854852,,193827009329.23935,none,False,True,1.2787930122617,squared_hinge,237,ovr,l1,0.0320604021849
ordinal,pca,selectp,none,,none,,,77,,,,,,0.0002632462513,balanced,True,False,21.2180058184643,squared_hinge,2432,ovr,l2,0.0001936486606
onehot,kernel_pca,none,none,,none,rbf,0.5995527522496,,,,,42233.139185341555,,0.0001067848874,none,False,False,26.2064944182212,squared_hinge,4057,ovr,l2,0.0019935716582
ordinal,pca,selectp,minmax,,none,,,85,,,,,,1.2638e-08,balanced,False,True,17.9170428168601,squared_hinge,8181,ovr,l1,0.0029683558674
none,ka_rbf,none,std,882,none,,,,True,,,2.06490707e-05,,6.159357e-07,none,False,True,12.1843111640667,squared_hinge,6257,ovr,l2,1.4693138909077
ordinal,pca,none,none,,none,,,,,,,,,733204519.9969088,none,False,True,87.055494789009,squared_hinge,225,ovo-scikit,l1,0.0364152039872
onehot,agglomerator,none,std,,poly,,0.9416322206646,,True,,,,2,0.1997857229707,none,False,False,17.4400574817409,squared_hinge,202,ovr,l2,0.0033543334117
ordinal,pca,selectp,std,,none,,,93,False,,,,,0.0009523612966,balanced,True,True,2.778167424123,hinge,1398,ovr,l2,0.3925684381384
none,kernel_pca,selectp,std,,none,sigmoid,0.2909715736713,48,True,24.4785684557098,4.0,5.2695237e-06,,125729.79713235679,none,True,False,6.2646109981483,hinge,1704,ovr,l2,0.0069737532682
onehot,lda,none,minmax,,none,,0.9513270556916,,,,,,,2210247852.9765644,none,False,True,21.5580874077696,squared_hinge,1936,ovo-scikit,l2,0.0003169276877
onehot,none,none,none,,none,,,,,,,,,79776947.287075,balanced,True,True,141.3213307677582,squared_hinge,5500,ovo-scikit,l2,0.9470778665674
onehot,lda,selectp,std,,none,,0.1726676271271,3,False,,,,,16580981506.22221,balanced,False,True,3.9078577444708,squared_hinge,2173,ovo-scikit,l2,0.0040263313694
none,lda,selectp,none,,none,,0.062862085715,78,,,,,,19792987.670906458,balanced,True,False,49.2359737375477,hinge,1385,ovr,l2,0.0105519926713
none,fastica,none,none,,none,,0.7884559760938,,,,,,,5.45271e-08,none,True,True,106.574433798472,squared_hinge,496,ovo-scikit,l2,0.833205557516
none,kernel_pca,selectp,none,,none,cosine,0.5472483051944,38,,,,,,1.37e-11,none,False,True,84.8948881717918,squared_hinge,2393,ovr,l1,1.0195653349879
onehot,kernel_pca,none,std,,none,sigmoid,0.0529856698911,,False,91.0017355906255,3.0,225327.34452578556,,5.4e-12,none,True,False,1.3942037346647,squared_hinge,2613,ovr,l2,0.000117380615
onehot,pca,selectp,none,,none,,,53,,,,,,9.10844e-08,none,True,False,783.503228947887,squared_hinge,360,ovo-scikit,l2,7.11508796e-05
none,ka_nystroem,none,minmax,344,none,cosine,,,,,,,,1.0,none,True,True,1.0,squared_hinge,1000,ovr,l2,0.001
onehot,fastica,selectp,none,,none,,0.1995377719485,58,,,,,,1.0,none,True,True,1.0,squared_hinge,1000,ovr,l2,0.001
none,lda,none,minmax,,poly,,0.6577879661941,,,,,,2,1.0,none,True,True,1.0,squared_hinge,1000,ovr,l2,0.001
none,none,none,minmax,,poly,,,,,,,,2,1.0,none,True,True,1.0,squared_hinge,1000,ovr,l2,0.001
none,fastica,none,minmax,,poly,,0.1182690954393,,,,,,2,1.0,none,True,True,1.0,squared_hinge,1000,ovr,l2,0.001
onehot,ka_nystroem,none,none,533,none,cosine,,,,,,,,1.0,none,True,True,1.0,squared_hinge,1000,ovr,l2,0.001
onehot,agglomerator,none,std,,poly,,0.687201170912,,False,,,,2,1.0,none,True,True,1.0,squared_hinge,1000,ovr,l2,0.001
ordinal,ka_nystroem,none,std,489,none,rbf,,,True,,,4.4596265e-06,,1.0,none,True,True,1.0,squared_hinge,1000,ovr,l2,0.001
