pp@cat_encoder,pp@decomposition,pp@featureselector,pp@scaler,pp@feature_map_size,pp@featuregen,pp@kernel_mapper_kernel,pp@projection_features,pp@selectp_percentile,pp@std_with_std,pp@kernel_mapper_coef0,pp@kernel_mapper_degree,pp@kernel_mapper_gamma,pp@poly_degree,bootstrap,criterion,max_depth,max_features,min_impurity_decrease,min_samples_leaf,min_samples_split,n_estimators,splitter,max_samples
ordinal,none,none,none,,none,,,,,,,,,True,gini,0,sqrt,0.0,2,2,2048,best,1.0
none,lda,selectp,std,,poly,,0.5624707242907,83,False,,,,2,True,gini,0,sqrt,0.0,2,2,2048,best,1.0
ordinal,none,none,std,,none,,,,True,,,,,True,gini,0,sqrt,0.0,2,2,2048,best,1.0
none,none,none,minmax,,poly,,,,,,,,2,True,gini,0,sqrt,0.0,2,2,2048,best,1.0
none,pca,none,std,,none,,,,True,,,,,True,gini,0,sqrt,0.0,2,2,2048,best,1.0
ordinal,fastica,selectp,none,,none,,0.0212415772271,47,,,,,,True,gini,0,sqrt,0.0,2,2,2048,best,1.0
none,fastica,selectp,minmax,,none,,0.5161095696979,56,,,,,,True,gini,0,sqrt,0.0,2,2,2048,best,1.0
onehot,ka_rbf,selectp,minmax,43,none,,,11,,,,1.2122402816673,,True,gini,0,sqrt,0.0,2,2,2048,best,1.0
ordinal,agglomerator,none,minmax,,poly,,0.0605647253676,,,,,,2,True,gini,0,sqrt,0.0,2,2,2048,best,1.0
none,none,selectp,minmax,,poly,,,25,,,,,2,True,gini,0,sqrt,0.0,2,2,2048,best,1.0
ordinal,ka_nystroem,selectp,std,363,none,rbf,,96,False,,,7.9260592e-06,,True,gini,0,sqrt,0.0,2,2,2048,best,1.0
ordinal,none,none,minmax,,none,,,,,,,,,True,gini,0,sqrt,0.0,2,2,2048,best,1.0
onehot,none,none,none,,poly,,,,,,,,2,True,gini,0,sqrt,0.0,2,2,2048,best,1.0
ordinal,pca,selectp,minmax,,none,,,14,,,,,,True,gini,0,sqrt,0.0,2,2,2048,best,1.0
ordinal,ka_rbf,selectp,std,645,none,,,79,True,,,3.4167572e-06,,True,gini,0,sqrt,0.0,2,2,2048,best,1.0
ordinal,pca,selectp,none,,none,,,56,,,,,,True,gini,0,sqrt,0.0,2,2,2048,best,1.0
ordinal,pca,selectp,std,,none,,,6,True,,,,,True,gini,0,sqrt,0.0,2,2,2048,best,1.0
ordinal,fastica,none,std,,none,,0.1178147014529,,True,,,,,True,gini,0,sqrt,0.0,2,2,2048,best,1.0
none,ka_nystroem,selectp,std,804,none,rbf,,43,False,,,246853.1979575811,,True,gini,0,sqrt,0.0,2,2,2048,best,1.0
ordinal,agglomerator,selectp,std,,poly,,0.9753437334099,50,True,,,,2,True,gini,0,sqrt,0.0,2,2,2048,best,1.0
none,ka_nystroem,none,minmax,776,none,cosine,,,,,,,,True,gini,0,sqrt,0.0,2,2,2048,best,1.0
none,ka_nystroem,none,std,985,none,sigmoid,,,True,74.668811766437,5.0,0.0027587362748,,True,gini,0,sqrt,0.0,2,2,2048,best,1.0
onehot,pca,selectp,minmax,,none,,,44,,,,,,True,gini,0,sqrt,0.0,2,2,2048,best,1.0
onehot,fastica,selectp,minmax,,none,,0.7767559453354,25,,,,,,True,gini,0,sqrt,0.0,2,2,2048,best,1.0
ordinal,none,selectp,std,,poly,,,82,True,,,,2,True,gini,0,sqrt,0.0,2,2,2048,best,1.0
onehot,fastica,selectp,none,,poly,,0.9676644240166,22,,,,,2,True,gini,0,sqrt,0.0,2,2,2048,best,1.0
none,agglomerator,selectp,std,,poly,,0.8625117779851,95,True,,,,2,True,gini,0,sqrt,0.0,2,2,2048,best,1.0
ordinal,ka_nystroem,none,std,846,none,rbf,,,False,,,54.6919617903442,,True,gini,0,sqrt,0.0,2,2,2048,best,1.0
onehot,agglomerator,none,minmax,,poly,,0.0524771284985,,,,,,2,True,gini,0,sqrt,0.0,2,2,2048,best,1.0
none,lda,selectp,minmax,,poly,,0.7038470929533,90,,,,,2,True,gini,0,sqrt,0.0,2,2,2048,best,1.0
onehot,ka_nystroem,none,minmax,998,none,sigmoid,,,,57.042341059026,5.0,972.0224787328818,,True,gini,0,sqrt,0.0,2,2,2048,best,1.0
ordinal,agglomerator,selectp,minmax,,none,,0.5293312968038,38,,,,,,True,gini,0,sqrt,0.0,2,2,2048,best,1.0
onehot,ka_rbf,none,std,915,none,,,,False,,,0.0274971919794,,True,gini,0,sqrt,0.0,2,2,2048,best,1.0
ordinal,ka_nystroem,selectp,none,456,none,rbf,,41,,,,10.3675823027382,,True,gini,0,sqrt,0.0,2,2,2048,best,1.0
ordinal,kernel_pca,selectp,none,,none,poly,0.7573520930962,96,,75.9873240937107,5.0,7.7157304e-05,,True,gini,0,sqrt,0.0,2,2,2048,best,1.0
onehot,ka_nystroem,none,none,25,none,cosine,,,,,,,,True,gini,0,sqrt,0.0,2,2,2048,best,1.0
ordinal,ka_nystroem,selectp,none,161,none,rbf,,57,,,,0.0516452602302,,True,gini,0,sqrt,0.0,2,2,2048,best,1.0
ordinal,none,selectp,minmax,,none,,,64,,,,,,True,gini,0,sqrt,0.0,2,2,2048,best,1.0
ordinal,lda,selectp,std,,poly,,0.0268898813965,15,False,,,,2,True,gini,0,sqrt,0.0,2,2,2048,best,1.0
ordinal,agglomerator,selectp,minmax,,poly,,0.9673843688964,33,,,,,2,True,gini,0,sqrt,0.0,2,2,2048,best,1.0
onehot,agglomerator,selectp,minmax,,poly,,0.6189074404287,66,,,,,2,True,gini,0,sqrt,0.0,2,2,2048,best,1.0
ordinal,kernel_pca,selectp,std,,none,rbf,0.5569146684017,66,False,,,0.0002503507898,,True,gini,0,sqrt,0.0,2,2,2048,best,1.0
ordinal,lda,none,std,,poly,,0.302990335253,,False,,,,2,True,gini,0,sqrt,0.0,2,2,2048,best,1.0
ordinal,agglomerator,none,std,,none,,0.9299987548541,,False,,,,,True,gini,0,sqrt,0.0,2,2,2048,best,1.0
ordinal,ka_nystroem,selectp,minmax,997,none,cosine,,77,,,,,,True,gini,0,sqrt,0.0,2,2,2048,best,1.0
none,agglomerator,selectp,none,,poly,,0.8298651470845,73,,,,,2,True,gini,0,sqrt,0.0,2,2,2048,best,1.0
onehot,ka_nystroem,none,minmax,949,none,poly,,,,25.1200116524723,3.0,0.0048716803066,,True,gini,0,sqrt,0.0,2,2,2048,best,1.0
onehot,kernel_pca,none,minmax,,none,rbf,0.7855626790597,,,,,42.6985798584082,,True,gini,0,sqrt,0.0,2,2,2048,best,1.0
none,kernel_pca,none,std,,none,cosine,0.5238000211826,,False,,,,,True,gini,0,sqrt,0.0,2,2,2048,best,1.0
onehot,ka_nystroem,none,minmax,815,none,cosine,,,,,,,,True,gini,0,sqrt,0.0,2,2,2048,best,1.0
none,pca,selectp,none,,none,,,68,,,,,,True,gini,0,sqrt,0.0,2,2,2048,best,1.0
onehot,lda,selectp,none,,none,,0.443873387502,11,,,,,,True,gini,0,sqrt,0.0,2,2,2048,best,1.0
onehot,agglomerator,none,minmax,,poly,,0.2107680807751,,,,,,2,True,gini,0,sqrt,0.0,2,2,2048,best,1.0
ordinal,ka_rbf,none,std,792,none,,,,True,,,129395.87999830449,,True,gini,0,sqrt,0.0,2,2,2048,best,1.0
none,lda,none,minmax,,poly,,0.3641803052395,,,,,,2,True,gini,0,sqrt,0.0,2,2,2048,best,1.0
none,none,none,none,,none,,,,,,,,,True,gini,0,sqrt,0.0,2,2,2048,best,1.0
onehot,ka_rbf,selectp,none,596,none,,,73,,,,0.0434972142276,,True,gini,0,sqrt,0.0,2,2,2048,best,1.0
none,fastica,none,minmax,,none,,0.2701719567612,,,,,,,True,gini,0,sqrt,0.0,2,2,2048,best,1.0
ordinal,ka_rbf,none,none,568,none,,,,,,,3.22468653e-05,,True,gini,0,sqrt,0.0,2,2,2048,best,1.0
onehot,ka_rbf,none,minmax,355,none,,,,,,,475498.95607979584,,True,gini,0,sqrt,0.0,2,2,2048,best,1.0
onehot,ka_rbf,selectp,none,412,none,,,82,,,,6.22275034e-05,,True,gini,0,sqrt,0.0,2,2,2048,best,1.0
ordinal,lda,selectp,std,,none,,0.8182006624647,24,False,,,,,True,gini,0,sqrt,0.0,2,2,2048,best,1.0
none,lda,selectp,none,,poly,,0.5570555191854,62,,,,,2,True,gini,0,sqrt,0.0,2,2,2048,best,1.0
onehot,none,selectp,minmax,,none,,,13,,,,,,True,gini,0,sqrt,0.0,2,2,2048,best,1.0
onehot,pca,selectp,std,,none,,,46,False,,,,,True,gini,0,sqrt,0.0,2,2,2048,best,1.0
ordinal,ka_rbf,none,none,590,none,,,,,,,2.38346266e-05,,True,gini,0,sqrt,0.0,2,2,2048,best,1.0
none,fastica,selectp,minmax,,poly,,0.9980140609263,48,,,,,2,True,gini,0,sqrt,0.0,2,2,2048,best,1.0
none,fastica,none,none,,poly,,0.9880102776402,,,,,,2,True,gini,0,sqrt,0.0,2,2,2048,best,1.0
none,pca,selectp,std,,none,,,95,True,,,,,True,gini,0,sqrt,0.0,2,2,2048,best,1.0
ordinal,ka_rbf,selectp,minmax,390,none,,,20,,,,0.6753649488329,,True,gini,0,sqrt,0.0,2,2,2048,best,1.0
ordinal,ka_rbf,none,std,378,none,,,,True,,,339769.56077180104,,True,gini,0,sqrt,0.0,2,2,2048,best,1.0
onehot,ka_rbf,none,minmax,232,none,,,,,,,34.0881217976764,,True,gini,0,sqrt,0.0,2,2,2048,best,1.0
onehot,none,selectp,none,,poly,,,44,,,,,2,True,gini,0,sqrt,0.0,2,2,2048,best,1.0
onehot,ka_nystroem,selectp,minmax,882,none,rbf,,83,,,,9892.839653317697,,True,gini,0,sqrt,0.0,2,2,2048,best,1.0
onehot,none,none,std,,poly,,,,True,,,,2,True,gini,0,sqrt,0.0,2,2,2048,best,1.0
none,none,selectp,minmax,,poly,,,90,,,,,2,True,gini,0,sqrt,0.0,2,2,2048,best,1.0
none,ka_nystroem,none,std,245,none,poly,,,True,81.3223546057808,5.0,0.0027906083603,,True,gini,0,sqrt,0.0,2,2,2048,best,1.0
none,ka_nystroem,none,minmax,66,none,sigmoid,,,,10.5372509116009,3.0,0.2295308246774,,True,gini,0,sqrt,0.0,2,2,2048,best,1.0
none,agglomerator,none,std,,none,,0.73127314265,,False,,,,,True,gini,0,sqrt,0.0,2,2,2048,best,1.0
ordinal,lda,selectp,none,,poly,,0.3363546460056,35,,,,,2,True,gini,0,sqrt,0.0,2,2,2048,best,1.0
ordinal,fastica,selectp,minmax,,none,,0.7938438069686,91,,,,,,True,gini,0,sqrt,0.0,2,2,2048,best,1.0
none,fastica,selectp,none,,poly,,0.1170838692316,12,,,,,2,True,gini,0,sqrt,0.0,2,2,2048,best,1.0
onehot,kernel_pca,selectp,minmax,,none,cosine,0.3983957506648,12,,,,,,True,gini,0,sqrt,0.0,2,2,2048,best,1.0
none,kernel_pca,selectp,minmax,,none,rbf,0.2290059464543,37,,,,1.0412303282567,,True,gini,0,sqrt,0.0,2,2,2048,best,1.0
onehot,lda,none,none,,none,,0.6868891828033,,,,,,,True,gini,0,sqrt,0.0,2,2,2048,best,1.0
ordinal,lda,selectp,std,,poly,,0.1114218189542,77,False,,,,2,True,gini,0,sqrt,0.0,2,2,2048,best,1.0
ordinal,ka_nystroem,none,none,561,none,cosine,,,,,,,,True,gini,0,sqrt,0.0,2,2,2048,best,1.0
onehot,fastica,none,none,,poly,,0.2838832329071,,,,,,2,True,gini,0,sqrt,0.0,2,2,2048,best,1.0
none,ka_rbf,selectp,minmax,986,none,,,75,,,,1839.4240242724688,,True,gini,0,sqrt,0.0,2,2,2048,best,1.0
none,kernel_pca,none,std,,none,sigmoid,0.3563987036988,,False,80.2215777610924,4.0,1089.018181615256,,True,gini,0,sqrt,0.0,2,2,2048,best,1.0
onehot,ka_rbf,selectp,std,962,none,,,75,True,,,0.071733140361,,True,gini,0,sqrt,0.0,2,2,2048,best,1.0
none,pca,none,none,,none,,,,,,,,,True,gini,0,sqrt,0.0,2,2,2048,best,1.0
ordinal,fastica,none,std,,none,,0.2382655767969,,True,,,,,True,gini,0,sqrt,0.0,2,2,2048,best,1.0
onehot,pca,selectp,none,,none,,,75,,,,,,True,gini,0,sqrt,0.0,2,2,2048,best,1.0
none,lda,selectp,minmax,,poly,,0.8022530475477,77,,,,,2,True,gini,0,sqrt,0.0,2,2,2048,best,1.0
ordinal,none,selectp,minmax,,none,,,40,,,,,,True,gini,0,sqrt,0.0,2,2,2048,best,1.0
none,lda,selectp,none,,none,,0.3233847079268,11,,,,,,True,gini,0,sqrt,0.0,2,2,2048,best,1.0
none,kernel_pca,none,minmax,,none,sigmoid,0.8285372176654,,,43.01456203559,4.0,164958.3850934371,,True,gini,0,sqrt,0.0,2,2,2048,best,1.0
onehot,ka_nystroem,selectp,std,621,none,cosine,,76,True,,,,,True,gini,0,sqrt,0.0,2,2,2048,best,1.0
none,ka_rbf,selectp,none,179,none,,,47,,,,0.0003904044159,,True,gini,0,sqrt,0.0,2,2,2048,best,1.0
ordinal,pca,none,minmax,,none,,,,,,,,,True,gini,0,sqrt,0.0,2,2,2048,best,1.0
none,ka_nystroem,none,none,97,none,rbf,,,,,,53.4519164792631,,True,gini,0,sqrt,0.0,2,2,2048,best,1.0
onehot,ka_nystroem,selectp,std,556,none,sigmoid,,92,False,54.1822398788158,2.0,0.006808258279,,True,gini,0,sqrt,0.0,2,2,2048,best,1.0
ordinal,kernel_pca,selectp,std,,none,poly,0.9819979251043,67,True,31.2953457110128,3.0,1.0552527164178,,True,gini,0,sqrt,0.0,2,2,2048,best,1.0
ordinal,fastica,selectp,minmax,,none,,0.1243669981139,93,,,,,,True,gini,0,sqrt,0.0,2,2,2048,best,1.0
ordinal,none,selectp,none,,poly,,,48,,,,,2,True,gini,0,sqrt,0.0,2,2,2048,best,1.0
ordinal,agglomerator,selectp,std,,poly,,0.0198134730128,33,True,,,,2,True,gini,0,sqrt,0.0,2,2,2048,best,1.0
none,fastica,selectp,std,,none,,0.2797932033943,34,False,,,,,True,gini,0,sqrt,0.0,2,2,2048,best,1.0
ordinal,ka_nystroem,selectp,minmax,661,none,poly,,100,,57.8677624362178,5.0,2.47770188e-05,,True,gini,0,sqrt,0.0,2,2,2048,best,1.0
none,ka_rbf,none,std,702,none,,,,True,,,20.4084397934792,,True,gini,0,sqrt,0.0,2,2,2048,best,1.0
onehot,agglomerator,selectp,none,,poly,,0.8883467561532,33,,,,,2,True,gini,0,sqrt,0.0,2,2,2048,best,1.0
onehot,kernel_pca,none,none,,none,poly,0.5707790622211,,,33.4635131170346,2.0,0.8375171627744,,True,gini,0,sqrt,0.0,2,2,2048,best,1.0
ordinal,pca,none,none,,none,,,,,,,,,True,gini,0,sqrt,0.0,2,2,2048,best,1.0
ordinal,lda,selectp,std,,none,,0.3157778239088,45,False,,,,,True,gini,0,sqrt,0.0,2,2,2048,best,1.0
onehot,lda,selectp,none,,none,,0.5040151903617,87,,,,,,True,gini,0,sqrt,0.0,2,2,2048,best,1.0
none,pca,selectp,minmax,,none,,,6,,,,,,True,gini,0,sqrt,0.0,2,2,2048,best,1.0
none,fastica,none,std,,none,,0.5508656314589,,False,,,,,True,gini,0,sqrt,0.0,2,2,2048,best,1.0
none,agglomerator,none,std,,poly,,0.2674458831047,,True,,,,2,True,gini,0,sqrt,0.0,2,2,2048,best,1.0
ordinal,fastica,selectp,std,,none,,0.1545136565526,66,False,,,,,True,gini,0,sqrt,0.0,2,2,2048,best,1.0
none,none,selectp,none,,none,,,62,,,,,,True,gini,0,sqrt,0.0,2,2,2048,best,1.0
ordinal,ka_rbf,none,std,799,none,,,,True,,,98238.20887332845,,True,gini,0,sqrt,0.0,2,2,2048,best,1.0
onehot,kernel_pca,none,none,,none,poly,0.6001716895403,,,22.9196834969418,3.0,0.0076161754814,,True,gini,0,sqrt,0.0,2,2,2048,best,1.0
none,fastica,none,none,,poly,,0.1900543094005,,,,,,2,True,gini,0,sqrt,0.0,2,2,2048,best,1.0
ordinal,lda,none,std,,poly,,0.2408855625727,,True,,,,2,True,gini,0,sqrt,0.0,2,2,2048,best,1.0
none,lda,none,std,,poly,,0.9051503051183,,False,,,,2,True,gini,0,sqrt,0.0,2,2,2048,best,1.0
onehot,agglomerator,none,none,,none,,0.4022259689212,,,,,,,True,gini,0,sqrt,0.0,2,2,2048,best,1.0
none,lda,selectp,std,,none,,0.8551638861099,39,True,,,,,True,gini,0,sqrt,0.0,2,2,2048,best,1.0
none,ka_rbf,none,std,881,none,,,,False,,,1.2613446e-05,,True,gini,0,sqrt,0.0,2,2,2048,best,1.0
onehot,fastica,none,none,,none,,0.3642886262581,,,,,,,True,gini,0,sqrt,0.0,2,2,2048,best,1.0
ordinal,pca,selectp,none,,none,,,88,,,,,,True,gini,0,sqrt,0.0,2,2,2048,best,1.0
ordinal,ka_nystroem,none,std,191,none,poly,,,True,44.2853448862882,5.0,2.1024422748348,,True,gini,0,sqrt,0.0,2,2,2048,best,1.0
ordinal,fastica,selectp,none,,none,,0.4905837539812,54,,,,,,True,gini,0,sqrt,0.0,2,2,2048,best,1.0
none,fastica,none,none,,none,,0.8885475981381,,,,,,,True,gini,0,sqrt,0.0,2,2,2048,best,1.0
none,none,selectp,minmax,,poly,,,41,,,,,2,True,gini,0,sqrt,0.0,2,2,2048,best,1.0
ordinal,kernel_pca,none,std,,none,sigmoid,0.2508150747105,,False,58.6163393727239,5.0,0.0031374328817,,True,gini,0,sqrt,0.0,2,2,2048,best,1.0
ordinal,ka_rbf,none,std,759,none,,,,True,,,5.3388133761799,,True,gini,0,sqrt,0.0,2,2,2048,best,1.0
none,fastica,none,std,,none,,0.1444180321181,,False,,,,,True,gini,0,sqrt,0.0,2,2,2048,best,1.0
ordinal,fastica,none,std,,poly,,0.366730658424,,False,,,,2,True,gini,0,sqrt,0.0,2,2,2048,best,1.0
ordinal,agglomerator,selectp,std,,poly,,0.0254080874836,72,True,,,,2,True,gini,0,sqrt,0.0,2,2,2048,best,1.0
none,kernel_pca,selectp,none,,none,sigmoid,0.8037626264775,3,,79.3401587013233,4.0,831.2804857189547,,True,gini,0,sqrt,0.0,2,2,2048,best,1.0
onehot,agglomerator,selectp,std,,poly,,0.1096970407664,26,False,,,,2,True,gini,0,sqrt,0.0,2,2,2048,best,1.0
none,lda,selectp,std,,poly,,0.5998993642097,47,False,,,,2,True,gini,0,sqrt,0.0,2,2,2048,best,1.0
ordinal,ka_rbf,selectp,minmax,168,none,,,6,,,,1.75842632e-05,,True,gini,0,sqrt,0.0,2,2,2048,best,1.0
ordinal,agglomerator,selectp,none,,none,,0.0397148215425,17,,,,,,True,gini,0,sqrt,0.0,2,2,2048,best,1.0
onehot,kernel_pca,none,std,,none,sigmoid,0.1185982013565,,True,15.3374447597281,4.0,0.0185449943927,,True,gini,0,sqrt,0.0,2,2,2048,best,1.0
onehot,ka_nystroem,none,std,756,none,poly,,,True,33.015614794079,4.0,7058.325475854944,,True,gini,0,sqrt,0.0,2,2,2048,best,1.0
none,fastica,none,std,,none,,0.8921516912112,,False,,,,,True,gini,0,sqrt,0.0,2,2,2048,best,1.0
onehot,pca,none,std,,none,,,,False,,,,,True,gini,0,sqrt,0.0,2,2,2048,best,1.0
ordinal,none,none,none,,poly,,,,,,,,2,True,gini,0,sqrt,0.0,2,2,2048,best,1.0
ordinal,agglomerator,selectp,minmax,,none,,0.4044473890132,7,,,,,,True,gini,0,sqrt,0.0,2,2,2048,best,1.0
ordinal,kernel_pca,none,std,,none,rbf,0.4482412680926,,False,,,8693.671880939788,,True,gini,0,sqrt,0.0,2,2,2048,best,1.0
onehot,kernel_pca,none,minmax,,none,cosine,0.8266122677632,,,,,,,True,gini,0,sqrt,0.0,2,2,2048,best,1.0
ordinal,lda,selectp,minmax,,none,,0.2883086773063,4,,,,,,True,gini,0,sqrt,0.0,2,2,2048,best,1.0
ordinal,none,selectp,minmax,,poly,,,60,,,,,2,True,gini,0,sqrt,0.0,2,2,2048,best,1.0
ordinal,kernel_pca,selectp,minmax,,none,cosine,0.8276030239124,5,,,,,,True,gini,0,sqrt,0.0,2,2,2048,best,1.0
none,ka_nystroem,selectp,minmax,413,none,sigmoid,,1,,93.913050506646,3.0,133.6013044988694,,True,gini,0,sqrt,0.0,2,2,2048,best,1.0
none,ka_rbf,none,none,968,none,,,,,,,2.84405167e-05,,True,gini,0,sqrt,0.0,2,2,2048,best,1.0
ordinal,fastica,selectp,none,,poly,,0.2601903128978,39,,,,,2,True,gini,0,sqrt,0.0,2,2,2048,best,1.0
onehot,fastica,none,none,,none,,0.5529882552811,,,,,,,True,gini,0,sqrt,0.0,2,2,2048,best,1.0
onehot,pca,selectp,minmax,,none,,,21,,,,,,True,gini,0,sqrt,0.0,2,2,2048,best,1.0
none,ka_nystroem,selectp,none,51,none,cosine,,71,,,,,,True,gini,0,sqrt,0.0,2,2,2048,best,1.0
none,ka_rbf,none,minmax,392,none,,,,,,,62655.73885788832,,True,gini,0,sqrt,0.0,2,2,2048,best,1.0
ordinal,none,none,none,1,none,cosine,0.1,100,True,0.0,2.0,1.0,2,False,gini,63,log2,0.218413381832,19,3,2048,best,
ordinal,none,none,none,1,none,cosine,0.1,100,True,0.0,2.0,1.0,2,True,gini,91,sqrt,0.6834894396717,14,39,2048,random,0.5850782010255
ordinal,none,none,none,1,none,cosine,0.1,100,True,0.0,2.0,1.0,2,True,entropy,62,sqrt,0.9830597536487,19,2,2048,random,0.3042453018031
ordinal,none,none,none,1,none,cosine,0.1,100,True,0.0,2.0,1.0,2,True,gini,57,sqrt,0.92611820963,13,25,2048,random,0.3306309228854
ordinal,none,none,none,1,none,cosine,0.1,100,True,0.0,2.0,1.0,2,True,entropy,37,all,0.234963886129,10,15,2048,random,0.8980156379345
ordinal,none,none,none,1,none,cosine,0.1,100,True,0.0,2.0,1.0,2,False,gini,45,log2,0.9776409702321,23,10,2048,best,
ordinal,none,none,none,1,none,cosine,0.1,100,True,0.0,2.0,1.0,2,False,log_loss,21,log2,0.8301481798868,9,22,2048,best,
ordinal,none,none,none,1,none,cosine,0.1,100,True,0.0,2.0,1.0,2,False,entropy,69,all,0.9666516742689,2,20,2048,best,
ordinal,none,none,none,1,none,cosine,0.1,100,True,0.0,2.0,1.0,2,False,gini,49,log2,0.9747030214467,18,18,2048,best,
ordinal,none,none,none,1,none,cosine,0.1,100,True,0.0,2.0,1.0,2,False,gini,25,log2,0.4657315582504,18,15,2048,best,
ordinal,none,none,none,1,none,cosine,0.1,100,True,0.0,2.0,1.0,2,False,gini,12,sqrt,0.6266754492304,16,10,2048,random,
ordinal,none,none,none,1,none,cosine,0.1,100,True,0.0,2.0,1.0,2,True,log_loss,52,sqrt,0.2662897021927,17,8,2048,random,0.9161348573667
ordinal,none,none,none,1,none,cosine,0.1,100,True,0.0,2.0,1.0,2,False,entropy,70,sqrt,0.2086395199642,18,29,2048,best,
ordinal,none,none,none,1,none,cosine,0.1,100,True,0.0,2.0,1.0,2,False,entropy,47,all,0.4484068166617,8,39,2048,random,
ordinal,none,none,none,1,none,cosine,0.1,100,True,0.0,2.0,1.0,2,False,entropy,73,sqrt,0.250621428967,17,37,2048,best,
ordinal,none,none,none,1,none,cosine,0.1,100,True,0.0,2.0,1.0,2,False,gini,10,log2,0.8526093568201,23,42,2048,best,
ordinal,none,none,none,1,none,cosine,0.1,100,True,0.0,2.0,1.0,2,True,entropy,72,all,0.0584638786841,6,28,2048,best,0.3633302418591
ordinal,none,none,none,1,none,cosine,0.1,100,True,0.0,2.0,1.0,2,True,entropy,90,log2,0.289153373799,10,32,2048,random,0.7769729193777
ordinal,none,none,none,1,none,cosine,0.1,100,True,0.0,2.0,1.0,2,True,gini,16,all,0.1776517373,15,14,2048,best,0.9670385184064
ordinal,none,none,none,1,none,cosine,0.1,100,True,0.0,2.0,1.0,2,True,gini,95,log2,0.0985779099262,13,47,2048,best,0.3881796062501
ordinal,none,none,none,1,none,cosine,0.1,100,True,0.0,2.0,1.0,2,False,gini,94,all,0.5097985899709,25,18,2048,best,
ordinal,none,none,none,1,none,cosine,0.1,100,True,0.0,2.0,1.0,2,True,entropy,80,log2,0.1699286621186,22,11,2048,random,0.8287421148871
ordinal,none,none,none,1,none,cosine,0.1,100,True,0.0,2.0,1.0,2,False,gini,95,all,0.7687722230538,6,44,2048,best,
ordinal,none,none,none,1,none,cosine,0.1,100,True,0.0,2.0,1.0,2,False,log_loss,64,all,0.9668005974516,20,43,2048,random,
ordinal,none,none,none,1,none,cosine,0.1,100,True,0.0,2.0,1.0,2,True,gini,67,all,0.93456037453,1,43,2048,best,0.4771273191202
ordinal,none,none,none,1,none,cosine,0.1,100,True,0.0,2.0,1.0,2,True,gini,97,sqrt,0.9215475478122,18,41,2048,random,0.9373562450273
ordinal,none,none,none,1,none,cosine,0.1,100,True,0.0,2.0,1.0,2,False,gini,31,sqrt,0.0078102154057,24,28,2048,best,
ordinal,none,none,none,1,none,cosine,0.1,100,True,0.0,2.0,1.0,2,True,gini,70,sqrt,0.5890134889853,15,44,2048,random,0.0102378598725
ordinal,none,none,none,1,none,cosine,0.1,100,True,0.0,2.0,1.0,2,False,gini,52,all,0.256632616639,21,13,2048,random,
ordinal,none,none,none,1,none,cosine,0.1,100,True,0.0,2.0,1.0,2,False,gini,64,log2,0.5646472143099,5,9,2048,best,
ordinal,none,none,none,1,none,cosine,0.1,100,True,0.0,2.0,1.0,2,True,log_loss,8,log2,0.3180302891606,5,29,2048,random,0.9843174259429
ordinal,none,none,none,1,none,cosine,0.1,100,True,0.0,2.0,1.0,2,False,log_loss,24,all,0.1536665427726,13,34,2048,best,
ordinal,none,none,none,1,none,cosine,0.1,100,True,0.0,2.0,1.0,2,False,entropy,70,log2,0.4444937233583,13,32,2048,random,
ordinal,none,none,none,1,none,cosine,0.1,100,True,0.0,2.0,1.0,2,False,log_loss,75,log2,0.4950963271764,5,24,2048,random,
ordinal,none,none,none,1,none,cosine,0.1,100,True,0.0,2.0,1.0,2,True,gini,68,log2,0.9897655068476,16,31,2048,best,0.2938941032828
ordinal,none,none,none,1,none,cosine,0.1,100,True,0.0,2.0,1.0,2,True,log_loss,62,sqrt,0.0423878841385,6,34,2048,best,0.3169756718708
ordinal,none,none,none,1,none,cosine,0.1,100,True,0.0,2.0,1.0,2,False,gini,71,log2,0.3011551988973,23,4,2048,random,
ordinal,none,none,none,1,none,cosine,0.1,100,True,0.0,2.0,1.0,2,True,gini,25,sqrt,0.8518938450883,25,24,2048,best,0.2004731610963
ordinal,none,none,none,1,none,cosine,0.1,100,True,0.0,2.0,1.0,2,False,log_loss,51,all,0.659695498126,14,49,2048,random,
ordinal,none,none,none,1,none,cosine,0.1,100,True,0.0,2.0,1.0,2,False,gini,42,all,0.8266830318459,21,42,2048,best,
ordinal,none,none,none,1,none,cosine,0.1,100,True,0.0,2.0,1.0,2,True,gini,5,log2,0.6602909185598,21,49,2048,random,0.9699411149233
ordinal,none,none,none,1,none,cosine,0.1,100,True,0.0,2.0,1.0,2,False,gini,37,sqrt,0.7595363091461,8,26,2048,random,
ordinal,none,none,none,1,none,cosine,0.1,100,True,0.0,2.0,1.0,2,True,gini,4,sqrt,0.4929217499971,15,16,2048,random,0.1859968193008
ordinal,none,none,none,1,none,cosine,0.1,100,True,0.0,2.0,1.0,2,False,gini,62,all,0.2048776928976,24,4,2048,best,
ordinal,none,none,none,1,none,cosine,0.1,100,True,0.0,2.0,1.0,2,False,log_loss,42,sqrt,0.8100038608372,21,5,2048,best,
ordinal,none,none,none,1,none,cosine,0.1,100,True,0.0,2.0,1.0,2,False,gini,12,all,0.567820654664,6,35,2048,best,
ordinal,none,none,none,1,none,cosine,0.1,100,True,0.0,2.0,1.0,2,False,log_loss,16,log2,0.1395051937868,8,44,2048,best,
ordinal,none,none,none,1,none,cosine,0.1,100,True,0.0,2.0,1.0,2,True,log_loss,57,sqrt,0.8048940268709,5,38,2048,best,0.9624343407125
ordinal,none,none,none,1,none,cosine,0.1,100,True,0.0,2.0,1.0,2,False,log_loss,69,all,0.9585859103626,16,2,2048,random,
ordinal,none,none,none,1,none,cosine,0.1,100,True,0.0,2.0,1.0,2,True,log_loss,13,sqrt,0.3461638726285,10,26,2048,best,0.4429733995736
ordinal,none,none,none,1,none,cosine,0.1,100,True,0.0,2.0,1.0,2,True,log_loss,11,all,0.2935122520864,6,40,2048,best,0.4945984354602
ordinal,none,none,none,1,none,cosine,0.1,100,True,0.0,2.0,1.0,2,True,gini,86,log2,0.0817751782076,2,14,2048,best,0.8604209552818
ordinal,none,none,none,1,none,cosine,0.1,100,True,0.0,2.0,1.0,2,True,log_loss,39,sqrt,0.6644912264494,21,17,2048,best,0.628289325953
ordinal,none,none,none,1,none,cosine,0.1,100,True,0.0,2.0,1.0,2,False,log_loss,0,sqrt,0.9589616184965,1,28,2048,best,
ordinal,none,none,none,1,none,cosine,0.1,100,True,0.0,2.0,1.0,2,False,entropy,24,sqrt,0.1359926899916,2,25,2048,best,
ordinal,none,none,none,1,none,cosine,0.1,100,True,0.0,2.0,1.0,2,True,log_loss,27,sqrt,0.4851596313193,20,31,2048,best,0.6487652885396
ordinal,none,none,none,1,none,cosine,0.1,100,True,0.0,2.0,1.0,2,True,log_loss,30,all,0.0982381846532,10,18,2048,best,0.7356739506658
ordinal,none,none,none,1,none,cosine,0.1,100,True,0.0,2.0,1.0,2,True,entropy,88,log2,0.0341099037098,3,20,2048,best,0.7381434026334
ordinal,none,none,none,1,none,cosine,0.1,100,True,0.0,2.0,1.0,2,True,log_loss,92,log2,0.6645010506676,17,47,2048,best,0.0027360889579
ordinal,none,none,none,1,none,cosine,0.1,100,True,0.0,2.0,1.0,2,True,gini,24,all,0.8676871753435,24,35,2048,best,0.1008081656563
ordinal,none,none,none,1,none,cosine,0.1,100,True,0.0,2.0,1.0,2,False,log_loss,94,log2,0.337570536126,19,5,2048,random,
ordinal,none,none,none,1,none,cosine,0.1,100,True,0.0,2.0,1.0,2,True,entropy,52,sqrt,0.8757651744101,11,40,2048,random,0.0621362496564
ordinal,none,none,none,1,none,cosine,0.1,100,True,0.0,2.0,1.0,2,True,log_loss,32,log2,0.117053099151,17,9,2048,best,0.3836067126653
ordinal,none,none,none,1,none,cosine,0.1,100,True,0.0,2.0,1.0,2,False,gini,62,sqrt,0.2379606819175,18,22,2048,best,
ordinal,none,none,none,1,none,cosine,0.1,100,True,0.0,2.0,1.0,2,False,log_loss,61,sqrt,0.9016067269067,9,50,2048,random,
ordinal,none,none,none,1,none,cosine,0.1,100,True,0.0,2.0,1.0,2,True,gini,99,sqrt,0.5085098936907,18,26,2048,best,0.5675047830398
ordinal,none,none,none,1,none,cosine,0.1,100,True,0.0,2.0,1.0,2,True,gini,86,sqrt,0.608192383797,18,4,2048,best,0.7066449292531
ordinal,none,none,none,1,none,cosine,0.1,100,True,0.0,2.0,1.0,2,True,entropy,47,all,0.0380182325425,6,12,2048,random,0.8873114834041
ordinal,none,none,none,1,none,cosine,0.1,100,True,0.0,2.0,1.0,2,False,entropy,8,log2,0.1283899101479,10,36,2048,random,
ordinal,none,none,none,1,none,cosine,0.1,100,True,0.0,2.0,1.0,2,False,gini,3,sqrt,0.0557908125009,7,26,2048,random,
ordinal,none,none,none,1,none,cosine,0.1,100,True,0.0,2.0,1.0,2,True,log_loss,100,sqrt,0.9050007399497,13,2,2048,best,0.2860506886008
ordinal,none,none,none,1,none,cosine,0.1,100,True,0.0,2.0,1.0,2,False,entropy,52,all,0.1347949638709,7,8,2048,best,
ordinal,none,none,none,1,none,cosine,0.1,100,True,0.0,2.0,1.0,2,True,entropy,78,log2,0.8496728266088,16,15,2048,random,0.9019393286303
ordinal,none,none,none,1,none,cosine,0.1,100,True,0.0,2.0,1.0,2,False,gini,60,all,0.3510346993725,25,40,2048,best,
ordinal,none,none,none,1,none,cosine,0.1,100,True,0.0,2.0,1.0,2,False,entropy,100,sqrt,0.8005974963658,2,27,2048,best,
ordinal,none,none,none,1,none,cosine,0.1,100,True,0.0,2.0,1.0,2,True,log_loss,59,sqrt,0.3650435474567,15,29,2048,best,0.9245807058577
ordinal,none,none,none,1,none,cosine,0.1,100,True,0.0,2.0,1.0,2,True,entropy,81,log2,0.2676840396929,6,49,2048,best,0.3517226622468
ordinal,none,none,none,1,none,cosine,0.1,100,True,0.0,2.0,1.0,2,False,log_loss,59,all,0.0936607011891,10,7,2048,best,
ordinal,none,none,none,1,none,cosine,0.1,100,True,0.0,2.0,1.0,2,True,gini,83,log2,0.2807065905741,6,47,2048,random,0.2810289258155
ordinal,none,none,none,1,none,cosine,0.1,100,True,0.0,2.0,1.0,2,False,gini,88,sqrt,0.4714797167173,7,43,2048,random,
ordinal,none,none,none,1,none,cosine,0.1,100,True,0.0,2.0,1.0,2,False,entropy,88,all,0.8175087988968,12,25,2048,random,
ordinal,none,none,none,1,none,cosine,0.1,100,True,0.0,2.0,1.0,2,True,entropy,99,sqrt,0.4525149547687,17,26,2048,random,0.923308605281
ordinal,none,none,none,1,none,cosine,0.1,100,True,0.0,2.0,1.0,2,False,gini,65,log2,0.9714355749376,20,15,2048,random,
ordinal,none,none,none,1,none,cosine,0.1,100,True,0.0,2.0,1.0,2,False,entropy,76,sqrt,0.5416330108548,24,23,2048,random,
ordinal,none,none,none,1,none,cosine,0.1,100,True,0.0,2.0,1.0,2,False,entropy,84,all,0.0249456298114,19,15,2048,random,
ordinal,none,none,none,1,none,cosine,0.1,100,True,0.0,2.0,1.0,2,True,log_loss,7,sqrt,0.4153673001913,17,4,2048,random,0.7685927829535
ordinal,none,none,none,1,none,cosine,0.1,100,True,0.0,2.0,1.0,2,False,gini,99,log2,0.5821871830791,8,4,2048,random,
ordinal,none,none,none,1,none,cosine,0.1,100,True,0.0,2.0,1.0,2,False,gini,60,all,0.7302470776106,9,40,2048,random,
ordinal,none,none,none,1,none,cosine,0.1,100,True,0.0,2.0,1.0,2,True,gini,34,sqrt,0.9464956116882,5,26,2048,best,0.9235732905553
ordinal,none,none,none,1,none,cosine,0.1,100,True,0.0,2.0,1.0,2,False,log_loss,66,all,0.296852867688,18,19,2048,random,
ordinal,none,none,none,1,none,cosine,0.1,100,True,0.0,2.0,1.0,2,False,gini,29,sqrt,0.3969055387575,13,15,2048,best,
ordinal,none,none,none,1,none,cosine,0.1,100,True,0.0,2.0,1.0,2,True,entropy,39,all,0.1829519395253,15,11,2048,random,0.2586150500698
ordinal,none,none,none,1,none,cosine,0.1,100,True,0.0,2.0,1.0,2,False,gini,63,sqrt,0.8779405098804,10,43,2048,random,
ordinal,none,none,none,1,none,cosine,0.1,100,True,0.0,2.0,1.0,2,True,log_loss,22,all,0.8240772244494,5,27,2048,random,0.6475871495531
ordinal,none,none,none,1,none,cosine,0.1,100,True,0.0,2.0,1.0,2,False,gini,99,log2,0.7749598946732,24,39,2048,best,
ordinal,none,none,none,1,none,cosine,0.1,100,True,0.0,2.0,1.0,2,False,entropy,53,all,0.0572900385499,4,16,2048,random,
ordinal,none,none,none,1,none,cosine,0.1,100,True,0.0,2.0,1.0,2,True,log_loss,64,sqrt,0.5567194419749,19,31,2048,random,0.3541687944413
ordinal,none,none,none,1,none,cosine,0.1,100,True,0.0,2.0,1.0,2,False,log_loss,26,all,0.2350135620355,15,49,2048,random,
ordinal,none,none,none,1,none,cosine,0.1,100,True,0.0,2.0,1.0,2,False,entropy,68,sqrt,0.1196851967223,8,9,2048,random,
ordinal,none,none,none,1,none,cosine,0.1,100,True,0.0,2.0,1.0,2,True,gini,43,log2,0.7816131001834,21,29,2048,best,0.3109022636029
ordinal,none,none,none,1,none,cosine,0.1,100,True,0.0,2.0,1.0,2,False,gini,47,log2,0.2115813751077,5,30,2048,best,
ordinal,none,none,none,1,none,cosine,0.1,100,True,0.0,2.0,1.0,2,False,gini,9,sqrt,0.5008116982477,9,24,2048,best,
ordinal,none,none,none,1,none,cosine,0.1,100,True,0.0,2.0,1.0,2,False,gini,70,all,0.5260963484005,17,6,2048,random,
ordinal,none,none,none,1,none,cosine,0.1,100,True,0.0,2.0,1.0,2,False,gini,29,sqrt,0.213282004039,8,5,2048,random,
ordinal,none,none,none,1,none,cosine,0.1,100,True,0.0,2.0,1.0,2,True,gini,5,all,0.4922611663224,14,26,2048,best,0.9129056783043
ordinal,none,none,none,1,none,cosine,0.1,100,True,0.0,2.0,1.0,2,True,gini,1,all,0.0528198976,24,41,2048,random,0.7255212826844
ordinal,none,none,none,1,none,cosine,0.1,100,True,0.0,2.0,1.0,2,True,log_loss,86,log2,7.24496385e-05,12,28,2048,best,0.8880912532514
ordinal,none,none,none,1,none,cosine,0.1,100,True,0.0,2.0,1.0,2,False,gini,26,sqrt,0.8803219316644,9,11,2048,best,
ordinal,none,none,none,1,none,cosine,0.1,100,True,0.0,2.0,1.0,2,True,gini,93,all,0.4155887020862,22,43,2048,best,0.7728204207341
ordinal,none,none,none,1,none,cosine,0.1,100,True,0.0,2.0,1.0,2,True,gini,5,all,0.9074197989534,16,9,2048,best,0.3216098039274
ordinal,none,none,none,1,none,cosine,0.1,100,True,0.0,2.0,1.0,2,True,entropy,16,all,0.4963073597283,1,22,2048,random,0.1377141372182
ordinal,none,none,none,1,none,cosine,0.1,100,True,0.0,2.0,1.0,2,False,gini,26,sqrt,0.4311082945882,1,13,2048,random,
ordinal,none,none,none,1,none,cosine,0.1,100,True,0.0,2.0,1.0,2,True,log_loss,44,sqrt,0.2959121406586,10,8,2048,best,0.7005342541272
ordinal,none,none,none,1,none,cosine,0.1,100,True,0.0,2.0,1.0,2,True,gini,26,all,0.081688937593,25,30,2048,random,0.7531868039708
ordinal,none,none,none,1,none,cosine,0.1,100,True,0.0,2.0,1.0,2,False,log_loss,78,all,0.3096946492645,12,47,2048,best,
ordinal,none,none,none,1,none,cosine,0.1,100,True,0.0,2.0,1.0,2,True,entropy,88,all,0.6084702651738,24,4,2048,random,0.4001271605546
ordinal,none,none,none,1,none,cosine,0.1,100,True,0.0,2.0,1.0,2,True,entropy,8,log2,0.762786347223,25,41,2048,best,0.3738296191824
ordinal,none,none,none,1,none,cosine,0.1,100,True,0.0,2.0,1.0,2,False,log_loss,19,log2,0.5408255176538,3,29,2048,best,
ordinal,none,none,none,1,none,cosine,0.1,100,True,0.0,2.0,1.0,2,False,log_loss,93,all,0.7582558436964,21,33,2048,random,
ordinal,none,none,none,1,none,cosine,0.1,100,True,0.0,2.0,1.0,2,False,entropy,59,all,0.157751591659,23,37,2048,best,
ordinal,none,none,none,1,none,cosine,0.1,100,True,0.0,2.0,1.0,2,False,log_loss,75,log2,0.5832399316792,1,14,2048,best,
ordinal,none,none,none,1,none,cosine,0.1,100,True,0.0,2.0,1.0,2,True,gini,46,all,0.8826032270257,8,2,2048,best,0.5505161127818
ordinal,none,none,none,1,none,cosine,0.1,100,True,0.0,2.0,1.0,2,True,entropy,21,sqrt,0.2179602076408,25,25,2048,random,0.224468396346
ordinal,none,none,none,1,none,cosine,0.1,100,True,0.0,2.0,1.0,2,False,entropy,66,sqrt,0.227668938393,22,7,2048,random,
ordinal,none,none,none,1,none,cosine,0.1,100,True,0.0,2.0,1.0,2,False,log_loss,61,log2,0.7484325130681,21,2,2048,random,
ordinal,none,none,none,1,none,cosine,0.1,100,True,0.0,2.0,1.0,2,False,gini,57,all,0.8120567848488,20,37,2048,random,
ordinal,none,none,none,1,none,cosine,0.1,100,True,0.0,2.0,1.0,2,False,gini,26,sqrt,0.2480463296941,16,12,2048,random,
ordinal,none,none,none,1,none,cosine,0.1,100,True,0.0,2.0,1.0,2,False,entropy,53,all,0.3315698041878,6,31,2048,best,
ordinal,none,none,none,1,none,cosine,0.1,100,True,0.0,2.0,1.0,2,False,log_loss,68,log2,0.6317694004506,25,19,2048,best,
ordinal,none,none,none,1,none,cosine,0.1,100,True,0.0,2.0,1.0,2,False,gini,22,all,0.3984317131892,20,50,2048,random,
ordinal,none,none,none,1,none,cosine,0.1,100,True,0.0,2.0,1.0,2,True,gini,82,all,0.6240109701293,24,42,2048,random,0.3022650083161
ordinal,none,none,none,1,none,cosine,0.1,100,True,0.0,2.0,1.0,2,True,log_loss,38,all,0.4964300320967,11,20,2048,random,0.5812545355278
ordinal,none,none,none,1,none,cosine,0.1,100,True,0.0,2.0,1.0,2,False,log_loss,65,sqrt,0.7736513090787,14,49,2048,random,
ordinal,none,none,none,1,none,cosine,0.1,100,True,0.0,2.0,1.0,2,True,entropy,4,sqrt,0.8458886469133,13,12,2048,random,0.4628061399889
ordinal,none,none,none,1,none,cosine,0.1,100,True,0.0,2.0,1.0,2,False,gini,19,log2,0.8638272093052,23,21,2048,random,
ordinal,none,none,none,1,none,cosine,0.1,100,True,0.0,2.0,1.0,2,False,entropy,91,all,0.6115250777298,4,39,2048,random,
ordinal,none,none,none,1,none,cosine,0.1,100,True,0.0,2.0,1.0,2,False,entropy,7,all,0.6125841045193,2,15,2048,best,
ordinal,none,none,none,1,none,cosine,0.1,100,True,0.0,2.0,1.0,2,True,log_loss,93,log2,0.4496468988194,22,5,2048,best,0.6865034625501
ordinal,none,none,none,1,none,cosine,0.1,100,True,0.0,2.0,1.0,2,True,entropy,96,sqrt,0.2195449804428,21,36,2048,random,0.0572272635865
ordinal,none,none,none,1,none,cosine,0.1,100,True,0.0,2.0,1.0,2,True,gini,85,all,0.9437055705475,17,14,2048,random,0.0178669006446
ordinal,none,none,none,1,none,cosine,0.1,100,True,0.0,2.0,1.0,2,False,entropy,54,sqrt,0.4373953769197,14,4,2048,best,
ordinal,none,none,none,1,none,cosine,0.1,100,True,0.0,2.0,1.0,2,False,gini,94,all,0.7393785644549,10,35,2048,random,
ordinal,none,none,none,1,none,cosine,0.1,100,True,0.0,2.0,1.0,2,False,gini,6,all,0.7855491148392,24,16,2048,random,
ordinal,none,none,none,1,none,cosine,0.1,100,True,0.0,2.0,1.0,2,False,entropy,25,sqrt,0.6086794728359,8,19,2048,best,
ordinal,none,none,none,1,none,cosine,0.1,100,True,0.0,2.0,1.0,2,False,gini,5,sqrt,0.2406190444722,20,43,2048,random,
ordinal,none,none,none,1,none,cosine,0.1,100,True,0.0,2.0,1.0,2,False,log_loss,55,all,0.1436680243732,7,46,2048,random,
ordinal,none,none,none,1,none,cosine,0.1,100,True,0.0,2.0,1.0,2,True,entropy,95,all,0.7291082971691,2,9,2048,random,0.6610402566196
ordinal,none,none,none,1,none,cosine,0.1,100,True,0.0,2.0,1.0,2,False,gini,47,sqrt,0.2485433242446,12,29,2048,best,
ordinal,none,none,none,1,none,cosine,0.1,100,True,0.0,2.0,1.0,2,True,gini,27,sqrt,0.2774879465654,9,25,2048,best,0.3014780758568
ordinal,none,none,none,1,none,cosine,0.1,100,True,0.0,2.0,1.0,2,True,entropy,89,all,0.6448170887035,5,37,2048,random,0.2580673741248
ordinal,none,none,none,1,none,cosine,0.1,100,True,0.0,2.0,1.0,2,True,entropy,33,sqrt,0.9856537613508,16,49,2048,random,0.6647605527112
ordinal,none,none,none,1,none,cosine,0.1,100,True,0.0,2.0,1.0,2,False,log_loss,91,log2,0.5256789227494,22,3,2048,best,
ordinal,none,none,none,1,none,cosine,0.1,100,True,0.0,2.0,1.0,2,True,gini,16,all,0.3405401987655,20,9,2048,best,0.5061575944334
ordinal,none,none,none,1,none,cosine,0.1,100,True,0.0,2.0,1.0,2,False,entropy,16,sqrt,0.0343424968236,2,13,2048,random,
ordinal,none,none,none,1,none,cosine,0.1,100,True,0.0,2.0,1.0,2,True,gini,79,log2,0.8162712413099,11,41,2048,random,0.2314178746818
ordinal,none,none,none,1,none,cosine,0.1,100,True,0.0,2.0,1.0,2,True,gini,94,all,0.6752267527775,25,12,2048,best,0.5501753871292
ordinal,none,none,none,1,none,cosine,0.1,100,True,0.0,2.0,1.0,2,True,gini,34,all,0.7429368971397,22,10,2048,random,0.4105081232065
ordinal,none,none,none,1,none,cosine,0.1,100,True,0.0,2.0,1.0,2,True,entropy,59,sqrt,0.1286525944401,8,16,2048,best,0.9625497819985
ordinal,none,none,none,1,none,cosine,0.1,100,True,0.0,2.0,1.0,2,False,log_loss,69,log2,0.6034547573379,21,31,2048,best,
ordinal,none,none,none,1,none,cosine,0.1,100,True,0.0,2.0,1.0,2,False,gini,72,sqrt,0.1323667497227,4,33,2048,best,
ordinal,none,none,none,1,none,cosine,0.1,100,True,0.0,2.0,1.0,2,True,entropy,16,sqrt,0.1026443611046,24,28,2048,random,0.950648254381
ordinal,none,none,none,1,none,cosine,0.1,100,True,0.0,2.0,1.0,2,True,gini,51,log2,0.7393021136668,15,43,2048,best,0.0925222369679
ordinal,none,none,none,1,none,cosine,0.1,100,True,0.0,2.0,1.0,2,False,log_loss,92,sqrt,0.8016711349187,16,18,2048,random,
ordinal,none,none,none,1,none,cosine,0.1,100,True,0.0,2.0,1.0,2,True,gini,5,all,0.547693802701,5,43,2048,random,0.347048041247
ordinal,none,none,none,1,none,cosine,0.1,100,True,0.0,2.0,1.0,2,False,log_loss,0,log2,0.1407112885374,12,47,2048,best,
ordinal,none,none,none,1,none,cosine,0.1,100,True,0.0,2.0,1.0,2,False,entropy,83,sqrt,0.7493428464859,5,33,2048,best,
ordinal,kernel_pca,none,std,,none,sigmoid,0.2463079267331,,False,6.8599590903996,5.0,0.0171439102221,,False,entropy,23,sqrt,0.1070350303338,1,28,2048,best,
onehot,fastica,none,std,,poly,,0.773211726077,,True,,,,2,True,entropy,30,sqrt,0.5839133888831,8,39,2048,best,0.8726907941721
ordinal,none,selectp,minmax,,none,,,32,,,,,,True,gini,38,all,0.733998673629,11,7,2048,random,0.0634941084644
onehot,kernel_pca,selectp,std,,none,rbf,0.4173024031762,66,False,,,28186.886028694225,,False,log_loss,40,all,0.7135381867437,22,15,2048,best,
none,ka_rbf,selectp,minmax,866,none,,,25,,,,348684.3974151541,,False,gini,98,log2,0.7117320695001,20,11,2048,best,
onehot,ka_rbf,selectp,std,661,none,,,35,True,,,1290.8927637678269,,False,log_loss,81,log2,0.0375603208256,2,23,2048,random,
ordinal,lda,selectp,std,,poly,,0.2313819205348,43,True,,,,2,False,entropy,15,all,0.9022994708991,19,4,2048,random,
ordinal,lda,none,none,,poly,,0.9878852190834,,,,,,2,True,gini,74,log2,0.4822431959125,24,49,2048,best,0.2579031490602
none,fastica,selectp,none,,poly,,0.0512288272351,92,,,,,2,True,entropy,18,all,0.1388614456014,1,34,2048,best,0.4842880006778
ordinal,fastica,none,none,,poly,,0.9463931829675,,,,,,2,False,entropy,27,all,0.4983549390567,15,6,2048,best,
none,ka_nystroem,none,none,446,none,sigmoid,,,,57.8635633205225,4.0,240202.74628922113,,False,log_loss,51,sqrt,0.4967862936181,21,42,2048,best,
onehot,lda,none,minmax,,poly,,0.0322545777519,,,,,,2,True,log_loss,42,log2,0.7097382920447,14,8,2048,best,0.0940314930971
ordinal,fastica,selectp,std,,poly,,0.1453653331751,68,True,,,,2,True,log_loss,78,sqrt,0.2402701547254,6,3,2048,random,0.0152592699482
ordinal,ka_rbf,none,none,646,none,,,,,,,0.005025186837,,True,entropy,13,sqrt,0.9844018582283,1,36,2048,random,0.9003313766027
none,agglomerator,none,minmax,,none,,0.8218674803792,,,,,,,False,gini,62,log2,0.2499414154821,12,14,2048,random,
onehot,ka_rbf,none,none,57,none,,,,,,,1.6215924237807,,False,log_loss,83,all,0.0619771460742,7,23,2048,best,
ordinal,pca,selectp,none,,none,,,68,,,,,,False,gini,33,sqrt,0.2788366202003,15,8,2048,best,
ordinal,agglomerator,none,minmax,,poly,,0.097677816139,,,,,,2,True,gini,38,log2,0.2517000559002,17,33,2048,best,0.6680671965134
ordinal,pca,selectp,minmax,,none,,,21,,,,,,True,gini,92,sqrt,0.2996463042176,6,14,2048,random,0.9424279605663
ordinal,kernel_pca,none,none,,none,sigmoid,0.1638879732257,,,93.2414761979363,2.0,0.0363198747362,,False,entropy,80,all,0.3556742312007,25,44,2048,random,
ordinal,ka_nystroem,selectp,std,989,none,sigmoid,,61,True,25.2406931972477,3.0,2989.6895978189964,,False,log_loss,19,log2,0.8051651807796,25,4,2048,best,
onehot,fastica,none,none,,none,,0.5627107041377,,,,,,,False,gini,36,log2,0.0597844359478,14,25,2048,random,
onehot,agglomerator,none,minmax,,poly,,0.1892064095172,,,,,,2,False,gini,15,log2,0.3545326700658,3,26,2048,best,
none,ka_nystroem,selectp,none,16,none,sigmoid,,88,,55.6233423198438,4.0,7.3370627e-06,,False,log_loss,37,log2,0.1037455429652,25,12,2048,best,
onehot,fastica,selectp,none,,poly,,0.5133401819557,98,,,,,2,False,gini,10,log2,0.98219664609,21,13,2048,random,
none,pca,none,none,,none,,,,,,,,,True,entropy,51,sqrt,0.1439717323142,10,42,2048,best,0.8489362235443
onehot,fastica,selectp,minmax,,poly,,0.5867431910009,10,,,,,2,True,gini,19,log2,0.4790349448088,16,6,2048,random,0.3354016013322
none,lda,selectp,std,,poly,,0.3834054485772,31,False,,,,2,False,entropy,53,sqrt,0.4800434326039,3,36,2048,random,
none,pca,none,std,,none,,,,True,,,,,False,log_loss,41,log2,0.7811782085685,6,19,2048,best,
ordinal,lda,none,std,,none,,0.5075545634526,,False,,,,,False,entropy,9,all,0.2721458712913,25,6,2048,best,
none,fastica,selectp,minmax,,poly,,0.8629365363523,80,,,,,2,False,log_loss,77,sqrt,0.7377738575167,25,28,2048,best,
ordinal,kernel_pca,none,minmax,,none,rbf,0.4472551642286,,,,,11399.751775778383,,True,log_loss,73,all,0.0263385591409,11,42,2048,best,0.4087223408638
none,ka_rbf,none,std,154,none,,,,True,,,0.0010653245148,,False,entropy,29,sqrt,0.9271504376473,14,9,2048,best,
none,ka_rbf,none,none,531,none,,,,,,,3.1561975e-06,,True,gini,65,log2,0.0989556512579,11,4,2048,best,0.9950537532784
ordinal,ka_nystroem,none,none,609,none,sigmoid,,,,45.3493652604286,5.0,0.0007512095586,,False,gini,55,log2,0.4808295043786,14,36,2048,random,
onehot,none,none,minmax,,poly,,,,,,,,2,True,gini,83,sqrt,0.1734297132617,13,35,2048,best,0.4682333305696
onehot,agglomerator,selectp,minmax,,poly,,0.7092816096729,62,,,,,2,False,gini,96,log2,0.3686167729658,5,45,2048,best,
onehot,kernel_pca,selectp,none,,none,poly,0.4688265952418,91,,29.5957956889645,3.0,3.1189091e-05,,False,gini,34,sqrt,0.6420205167695,23,22,2048,random,
ordinal,kernel_pca,none,minmax,,none,cosine,0.3604912118081,,,,,,,False,entropy,58,sqrt,0.1424721749765,2,31,2048,best,
ordinal,ka_rbf,none,minmax,891,none,,,,,,,0.0015197670548,,False,log_loss,30,log2,0.2891085199304,5,46,2048,best,
onehot,ka_rbf,none,none,479,none,,,,,,,17843.082039914338,,False,gini,53,log2,0.6791823327035,5,4,2048,random,
ordinal,fastica,none,std,,poly,,0.8106796046047,,True,,,,2,False,log_loss,36,log2,0.8445445475971,7,16,2048,best,
ordinal,kernel_pca,selectp,none,,none,rbf,0.797826897012,77,,,,0.0119082483081,,True,gini,26,sqrt,0.592897762401,11,12,2048,best,0.341960746412
onehot,ka_rbf,selectp,std,271,none,,,86,False,,,0.0005103148605,,False,gini,40,all,0.522984665279,11,14,2048,best,
onehot,ka_rbf,selectp,std,262,none,,,67,False,,,122.197752961563,,False,gini,0,sqrt,0.10960901227,4,28,2048,best,
none,pca,selectp,minmax,,none,,,28,,,,,,True,gini,13,sqrt,0.301099457329,15,11,2048,random,0.2210937557743
onehot,agglomerator,none,std,,poly,,0.9589246223196,,True,,,,2,False,gini,20,log2,0.2925254167003,23,28,2048,random,
none,none,none,std,,poly,,,,True,,,,2,True,gini,4,all,0.3700227270988,19,22,2048,random,0.7339469502192
none,lda,selectp,none,,none,,0.292701643918,32,,,,,,False,log_loss,79,all,0.5766234373,4,40,2048,random,
none,fastica,selectp,std,,none,,0.2106563226158,39,False,,,,,False,entropy,35,all,0.8002511926974,12,38,2048,random,
ordinal,ka_nystroem,none,minmax,79,none,sigmoid,,,,52.726585689106,5.0,0.0020497280701,,True,entropy,58,all,0.8931135181516,7,33,2048,random,0.8596284472231
ordinal,pca,selectp,minmax,,none,,,29,,,,,,True,gini,61,log2,0.061188884214,10,43,2048,random,0.0732488381015
ordinal,pca,selectp,none,,none,,,37,,,,,,True,log_loss,40,all,0.6500965350471,2,22,2048,best,0.5652509429365
ordinal,ka_rbf,selectp,minmax,632,none,,,84,,,,0.2420525877949,,True,gini,2,all,0.5924045964075,16,18,2048,random,0.1159130351626
ordinal,pca,none,none,,none,,,,,,,,,False,log_loss,71,sqrt,0.6009390590127,4,34,2048,best,
onehot,ka_nystroem,none,std,332,none,rbf,,,True,,,4.7360249e-06,,True,gini,74,log2,0.7933333118399,21,29,2048,best,0.4422045062241
onehot,lda,selectp,none,,none,,0.4611542063238,8,,,,,,False,log_loss,91,all,0.9378562651668,13,14,2048,random,
none,ka_rbf,selectp,minmax,15,none,,,16,,,,4.4791616e-06,,True,gini,13,log2,0.748256162221,13,33,2048,random,0.1538297296128
onehot,ka_rbf,none,none,749,none,,,,,,,5.32309906e-05,,True,entropy,12,log2,0.1716247004468,16,49,2048,random,0.9903158671743
ordinal,none,none,std,,none,,,,False,,,,,True,gini,99,log2,0.9546511627778,10,40,2048,best,0.0602446297641
none,agglomerator,selectp,minmax,,poly,,0.9073805145811,89,,,,,2,True,log_loss,75,log2,0.8652060263692,11,38,2048,best,0.0598634000274
onehot,ka_rbf,none,std,814,none,,,,False,,,1.31789924e-05,,False,log_loss,64,sqrt,0.2996554262487,16,25,2048,best,
none,ka_rbf,none,none,502,none,,,,,,,5.03158267e-05,,True,gini,36,all,0.1222523341319,21,20,2048,random,0.7768156492839
ordinal,agglomerator,selectp,none,,none,,0.537372083852,84,,,,,,False,entropy,30,all,0.8059906020293,6,28,2048,random,
ordinal,agglomerator,selectp,minmax,,poly,,0.2457409958634,58,,,,,2,False,entropy,6,log2,0.9763518248875,22,50,2048,random,
onehot,kernel_pca,selectp,std,,none,rbf,0.1009400938517,49,False,,,12.0035703037751,,False,entropy,95,sqrt,0.1274871080122,7,15,2048,best,
ordinal,ka_rbf,none,std,88,none,,,,False,,,3222.4653618767716,,True,entropy,1,sqrt,0.6513593483109,8,32,2048,random,0.943658936641
none,lda,none,none,,none,,0.7862338796553,,,,,,,False,log_loss,17,sqrt,0.0098368880463,20,17,2048,random,
none,lda,selectp,minmax,,none,,0.6849342508167,89,,,,,,False,log_loss,41,log2,0.035492907586,7,4,2048,random,
none,ka_rbf,none,std,820,none,,,,False,,,61219.68517004005,,False,entropy,98,log2,0.7851822102804,13,13,2048,random,
none,fastica,selectp,none,,none,,0.2425356007486,50,,,,,,False,entropy,49,sqrt,0.9407652066938,4,12,2048,random,
none,lda,none,minmax,,poly,,0.7757977855745,,,,,,2,True,gini,55,log2,0.2346492197003,19,5,2048,random,0.0027706137872
onehot,ka_nystroem,selectp,minmax,930,none,cosine,,29,,,,,,True,entropy,40,log2,0.89808529323,16,10,2048,best,0.5798348276437
onehot,lda,selectp,none,,none,,0.241142668509,58,,,,,,False,log_loss,71,all,0.0513086618331,18,29,2048,best,
none,pca,selectp,minmax,,none,,,45,,,,,,False,gini,26,log2,0.0303828391124,19,3,2048,best,
none,none,none,minmax,,poly,,,,,,,,2,True,gini,18,all,0.1087680697463,4,41,2048,best,0.6104628558856
none,ka_rbf,none,std,764,none,,,,False,,,8.71818063e-05,,False,log_loss,12,all,0.6436891470845,10,46,2048,best,
onehot,pca,none,none,,none,,,,,,,,,True,entropy,6,sqrt,0.5302935174584,11,20,2048,best,0.2377955130572
onehot,ka_rbf,selectp,none,213,none,,,91,,,,0.0003143039418,,True,log_loss,97,all,0.1621231831071,19,10,2048,random,0.5086484154681
ordinal,agglomerator,none,minmax,,none,,0.1744771829573,,,,,,,False,log_loss,8,all,0.1479049474213,23,2,2048,random,
none,lda,selectp,std,,none,,0.6311230545686,76,False,,,,,True,log_loss,36,sqrt,0.5294293084233,6,14,2048,best,0.0107413530106
none,lda,none,none,,poly,,0.8595826261831,,,,,,2,False,gini,89,all,0.9590058987643,24,43,2048,random,
onehot,agglomerator,none,none,,poly,,0.7811775693553,,,,,,2,False,log_loss,5,all,0.1827300059374,16,13,2048,random,
onehot,agglomerator,selectp,none,,none,,0.3431288702738,55,,,,,,False,gini,91,log2,0.2591295102251,23,12,2048,best,
ordinal,ka_nystroem,none,std,303,none,poly,,,False,75.8131525041563,2.0,0.0003449056906,,False,entropy,24,all,0.1205832923513,24,46,2048,best,
none,fastica,selectp,std,,poly,,0.8429324611624,88,False,,,,2,True,entropy,82,log2,0.5946018436715,14,44,2048,best,0.449594868714
onehot,ka_rbf,selectp,std,482,none,,,92,True,,,2.4776072e-06,,False,entropy,57,all,0.9267692898593,18,8,2048,random,
none,ka_rbf,selectp,none,571,none,,,49,,,,0.3095286038723,,False,gini,31,sqrt,0.2380151413972,12,24,2048,random,
onehot,kernel_pca,selectp,none,,none,poly,0.0678777944706,64,,14.6614153218925,4.0,5.8616247e-06,,False,log_loss,97,all,0.4724212631813,3,46,2048,best,
ordinal,lda,none,std,,poly,,0.1590198189599,,False,,,,2,True,gini,51,sqrt,0.9076145585614,15,9,2048,random,0.0858143149966
onehot,agglomerator,none,minmax,,poly,,0.7316705956689,,,,,,2,True,entropy,61,all,0.4906269432401,10,37,2048,random,0.8296871239179
none,ka_nystroem,none,none,587,none,cosine,,,,,,,,True,gini,53,all,0.6199701755816,15,19,2048,best,0.6512669820699
ordinal,none,selectp,std,,poly,,,33,False,,,,2,True,entropy,87,all,0.760075990665,16,41,2048,random,0.2157146143562
none,fastica,none,minmax,,none,,0.4179387443345,,,,,,,False,log_loss,8,log2,0.4585851836596,12,32,2048,random,
onehot,fastica,none,none,,none,,0.2670186293653,,,,,,,True,entropy,29,sqrt,0.7391162048768,5,11,2048,random,0.741591954633
ordinal,lda,none,none,,none,,0.605931908178,,,,,,,False,entropy,94,sqrt,0.7729278978334,2,27,2048,random,
onehot,ka_rbf,selectp,std,301,none,,,96,False,,,83.936413257306,,True,log_loss,99,log2,0.4590073895224,14,31,2048,best,0.26718036421
none,agglomerator,selectp,minmax,,poly,,0.5355477624241,13,,,,,2,False,log_loss,74,log2,0.1877681278218,25,50,2048,random,
ordinal,fastica,none,none,,poly,,0.5802176115028,,,,,,2,False,entropy,25,log2,0.5977670787062,25,4,2048,best,
onehot,ka_nystroem,none,std,897,none,sigmoid,,,True,73.7483989493423,4.0,0.0041492514039,,True,entropy,5,log2,0.5542888392885,10,50,2048,best,0.7654797010788
none,pca,none,none,,none,,,,,,,,,True,entropy,5,sqrt,0.5004936858193,19,2,2048,random,0.5365063983668
onehot,pca,selectp,std,,none,,,6,False,,,,,True,entropy,100,log2,0.0585820231737,18,27,2048,random,0.8571400777559
onehot,lda,selectp,none,,poly,,0.7925576416398,16,,,,,2,False,log_loss,30,sqrt,0.7775631943305,16,49,2048,random,
none,agglomerator,selectp,minmax,,none,,0.3534266877047,78,,,,,,True,gini,3,log2,0.5387082535651,7,7,2048,best,0.7340130256899
ordinal,kernel_pca,none,minmax,,none,poly,0.5142857047753,,,56.1102776070519,5.0,1.9803448015646,,True,gini,11,sqrt,0.4306514522684,3,22,2048,best,0.4651753300989
ordinal,agglomerator,none,std,,poly,,0.3531657588944,,True,,,,2,False,log_loss,57,all,0.8148922205471,22,15,2048,best,
none,none,selectp,std,,none,,,18,False,,,,,False,gini,43,all,0.247207137665,20,24,2048,best,
none,kernel_pca,none,minmax,,none,sigmoid,0.6565122635245,,,49.6042060304297,4.0,8.3238039805009,,True,log_loss,63,sqrt,0.1675022816625,23,37,2048,random,0.8058140722564
onehot,fastica,selectp,std,,poly,,0.1875727421005,82,True,,,,2,False,entropy,57,all,0.7806303785046,3,17,2048,random,
onehot,lda,none,std,,none,,0.2441174853332,,False,,,,,True,log_loss,72,all,0.9267076315762,11,24,2048,random,0.7431045336011
none,agglomerator,selectp,std,,poly,,0.4864688853346,63,False,,,,2,True,log_loss,27,log2,0.6773660541011,23,48,2048,best,0.5620348976222
onehot,ka_rbf,selectp,minmax,777,none,,,89,,,,0.2250283017999,,False,log_loss,48,log2,0.7932746359708,8,12,2048,random,
ordinal,pca,selectp,none,,none,,,33,,,,,,False,gini,56,all,0.1642229347304,5,38,2048,best,
none,kernel_pca,none,minmax,,none,rbf,0.8475684213639,,,,,789939.271006153,,True,entropy,39,log2,0.439988281904,7,20,2048,random,0.1550825497698
ordinal,lda,selectp,none,,poly,,0.7597483276964,100,,,,,2,True,entropy,28,sqrt,0.1030102465617,5,48,2048,best,0.1512669141368
ordinal,pca,none,std,,none,,,,True,,,,,True,gini,14,log2,0.9242720438911,9,2,2048,random,0.6365793178544
ordinal,agglomerator,none,minmax,,none,,0.4485023149465,,,,,,,True,log_loss,30,log2,0.6861850548138,1,7,2048,best,0.0372680686315
ordinal,none,none,minmax,,poly,,,,,,,,2,True,gini,31,sqrt,0.1010047303543,25,6,2048,best,0.8176005322486
ordinal,none,selectp,minmax,,none,,,29,,,,,,True,log_loss,64,sqrt,0.7379704771831,16,42,2048,random,0.3772626525578
ordinal,lda,none,std,,poly,,0.6153911254708,,False,,,,2,True,log_loss,68,log2,0.4940811894812,22,20,2048,best,0.3450571667576
ordinal,ka_rbf,none,minmax,477,none,,,,,,,2.45829207e-05,,True,log_loss,97,all,0.0822049122977,6,42,2048,best,0.3053500183451
ordinal,ka_nystroem,none,minmax,265,none,cosine,,,,,,,,True,gini,65,log2,0.5356632324136,24,32,2048,random,0.8199571859453
none,agglomerator,none,none,,poly,,0.1579242237908,,,,,,2,False,gini,51,sqrt,0.9677126390196,25,16,2048,best,
onehot,kernel_pca,none,std,,none,sigmoid,0.7009930554598,,False,47.6438264567912,3.0,9.3507636e-06,,False,log_loss,43,all,0.6982015946075,4,23,2048,best,
ordinal,kernel_pca,selectp,minmax,,none,poly,0.7605379080876,21,,88.7650512349867,3.0,76.1598419633933,,False,gini,3,all,0.1425702327286,5,33,2048,random,
ordinal,lda,selectp,none,,poly,,0.5869874295628,50,,,,,2,False,log_loss,52,log2,0.5695783958376,9,34,2048,best,
none,none,selectp,std,,none,,,39,False,,,,,False,entropy,88,sqrt,0.8044214253894,2,13,2048,best,
none,agglomerator,selectp,none,,poly,,0.2810184112998,86,,,,,2,False,log_loss,4,log2,0.3436606302655,9,40,2048,best,
onehot,none,selectp,std,,none,,,42,True,,,,,False,entropy,26,all,0.4289333855942,1,46,2048,best,
onehot,ka_rbf,selectp,std,637,none,,,60,True,,,177659.09489051855,,False,log_loss,81,log2,0.8588378775288,15,41,2048,best,
onehot,fastica,selectp,minmax,,poly,,0.4322368778884,93,,,,,2,True,gini,76,all,0.6181772217065,20,50,2048,best,0.6589067132196
ordinal,fastica,none,none,,poly,,0.7837837500186,,,,,,2,True,log_loss,17,sqrt,0.052164811918,3,10,2048,best,0.1437578731387
onehot,pca,selectp,std,,none,,,44,True,,,,,False,entropy,47,all,0.7498502743681,19,34,2048,random,
none,lda,none,minmax,,none,,0.5918587841771,,,,,,,False,log_loss,53,all,0.4682524477892,7,8,2048,random,
ordinal,pca,none,std,,none,,,,False,,,,,True,gini,7,log2,0.0137005785945,2,35,2048,best,0.1059605830725
onehot,fastica,selectp,std,,poly,,0.9867415251477,70,True,,,,2,False,log_loss,75,sqrt,0.6542992887604,6,2,2048,random,
ordinal,pca,none,none,,none,,,,,,,,,True,entropy,26,log2,0.1859612772898,20,5,2048,best,0.1916827899347
ordinal,kernel_pca,selectp,std,,none,cosine,0.2863590886382,89,False,,,,,True,entropy,95,all,0.5751241786426,11,32,2048,random,0.4950815851242
none,fastica,none,minmax,,poly,,0.0401283382379,,,,,,2,False,log_loss,7,all,0.1780149583725,10,41,2048,random,
onehot,kernel_pca,selectp,none,,none,poly,0.5595635640167,85,,54.1833571324369,2.0,9798.370116313677,,True,gini,80,all,0.1883435593947,15,45,2048,random,0.0136842418887
ordinal,ka_nystroem,none,none,524,none,poly,,,,82.3250133146465,4.0,308387.18021463713,,False,gini,99,all,0.9798315439621,20,35,2048,random,
ordinal,none,none,none,,none,,,,,,,,,False,gini,81,sqrt,0.3845206691134,20,31,2048,random,
ordinal,ka_rbf,selectp,none,634,none,,,5,,,,4.2371505215191,,True,entropy,62,log2,0.5196114364806,2,10,2048,random,0.2943546991927
none,kernel_pca,selectp,minmax,,none,rbf,0.852615301949,99,,,,0.0001034420784,,False,gini,22,all,0.2382663265021,10,32,2048,best,
onehot,ka_rbf,none,none,841,none,,,,,,,0.0015511065215,,False,log_loss,31,all,0.3946132583441,14,38,2048,random,
ordinal,lda,selectp,none,,poly,,0.0900670708646,76,,,,,2,True,log_loss,18,all,0.3606955658206,22,34,2048,best,0.3090428656767
onehot,lda,selectp,minmax,,none,,0.6077112250374,80,,,,,,False,gini,25,log2,0.4741902455623,7,45,2048,best,
onehot,agglomerator,none,std,,none,,0.6958784353813,,True,,,,,False,entropy,68,all,0.9819213775373,24,38,2048,random,
none,ka_nystroem,selectp,minmax,964,none,cosine,,21,,,,,,False,log_loss,1,sqrt,0.6768711887459,4,22,2048,best,
onehot,ka_nystroem,none,none,274,none,poly,,,,62.1229123415258,4.0,101.5658245637676,,False,entropy,48,log2,0.7137544731778,1,42,2048,random,
onehot,ka_rbf,none,std,818,none,,,,True,,,2.9174350904381,,True,entropy,46,all,0.9699265919174,4,41,2048,random,0.1564026754052
ordinal,fastica,none,none,,poly,,0.2854953451316,,,,,,2,True,entropy,53,log2,0.0676617569688,13,48,2048,best,0.1950787448149
onehot,ka_nystroem,none,minmax,793,none,sigmoid,,,,66.5123858644367,2.0,0.0001299820529,,True,gini,30,sqrt,0.1876135634179,23,50,2048,best,0.7819552976394
onehot,pca,none,std,,none,,,,True,,,,,False,gini,88,all,0.2061741992148,6,48,2048,best,
onehot,pca,selectp,minmax,,none,,,52,,,,,,True,entropy,87,all,0.2922915739382,13,15,2048,random,0.3106520202352
onehot,ka_rbf,none,none,103,none,,,,,,,97992.82172562329,,False,entropy,37,sqrt,0.1726932999455,23,17,2048,random,
none,ka_nystroem,none,minmax,220,none,sigmoid,,,,80.3185979440421,4.0,0.0222213916422,,True,log_loss,28,all,0.9979818120946,22,50,2048,random,0.6160477105756
ordinal,kernel_pca,none,minmax,,none,poly,0.6183676336478,,,7.5004839802276,2.0,23.6654598558809,,True,log_loss,2,sqrt,0.1921812837643,5,10,2048,best,0.352663033017
onehot,none,selectp,minmax,,none,,,22,,,,,,False,log_loss,78,all,0.3534799231044,16,31,2048,random,
onehot,pca,selectp,none,,none,,,15,,,,,,True,entropy,12,all,0.0365969510718,10,11,2048,random,0.5522072545708
ordinal,none,selectp,none,,poly,,,62,,,,,2,True,log_loss,18,log2,0.8872758120203,14,10,2048,random,0.6091296165224
none,kernel_pca,none,std,,none,poly,0.4303829490827,,False,59.8689020142634,3.0,0.0018979498318,,True,log_loss,63,log2,0.6702804280821,19,49,2048,best,0.756464608495
onehot,lda,selectp,minmax,,poly,,0.2392930889583,83,,,,,2,False,log_loss,88,all,0.1818584602918,12,3,2048,best,
onehot,fastica,selectp,std,,none,,0.3564617294833,36,True,,,,,True,log_loss,94,sqrt,0.9230024435915,13,40,2048,random,0.9068940237466
onehot,none,selectp,std,,none,,,41,False,,,,,False,entropy,92,all,0.4139080926275,20,43,2048,best,
ordinal,pca,selectp,std,,none,,,75,True,,,,,True,log_loss,31,all,0.4889683449331,10,30,2048,random,0.7708902917162
none,fastica,selectp,none,,poly,,0.7138266902627,33,,,,,2,True,log_loss,94,all,0.6619406341472,3,25,2048,best,0.7632342164472
onehot,agglomerator,selectp,std,,poly,,0.8285739407956,52,False,,,,2,True,entropy,32,log2,0.53053900351,23,6,2048,best,0.5826656325369
ordinal,ka_rbf,none,none,907,none,,,,,,,0.0284981862612,,True,gini,0,sqrt,0.0,2,2,2048,best,1.0
ordinal,pca,none,std,,none,,,,False,,,,,True,gini,0,sqrt,0.0,2,2,2048,best,1.0
onehot,agglomerator,selectp,minmax,,none,,0.4826350272871,88,,,,,,True,gini,0,sqrt,0.0,2,2,2048,best,1.0
ordinal,ka_nystroem,selectp,std,649,none,rbf,,89,True,,,0.1843688677099,,True,gini,0,sqrt,0.0,2,2,2048,best,1.0
